MonsterTypeId,HitPoints,CritRate,ActionPoints,MovePoints,InitBonus,MaxTalentCount,FlankAllowance,SightDistance,DetectDistance,ShotLimit,EffectId,WeaponTypeId,ArmorTypeId,_comment
1,200,10,40,20,0,1,60,18,10,1,,20000,22000,PG 1 Guard PL 1  eff:0  armour:guard-standard weapon:guard-rifle
2,210,12,40,20,1,2,65,18,10,1,,20001,22001,PG 1 Guard PL 2  eff:0  armour:guard-standard weapon:guard-rifle
3,220,14,40,20,1,3,70,18,10,1,,20002,22002,PG 1 Guard PL 3  eff:0  armour:guard-standard weapon:guard-rifle
4,230,16,40,20,2,4,75,18,10,1,,20003,22003,PG 1 Guard PL 4  eff:0  armour:guard-standard weapon:guard-rifle
5,240,18,40,20,3,4,80,18,10,2,,20004,22004,PG 1 Guard PL 5  eff:0  armour:guard-standard weapon:guard-rifle
6,250,20,40,20,3,4,86,18,10,2,,20005,22005,PG 1 Guard PL 6  eff:0  armour:guard-standard weapon:guard-rifle
7,270,22,40,20,4,4,90,18,10,2,,20006,22006,PG 1 Guard PL 7  eff:0  armour:guard-standard weapon:guard-rifle
8,290,24,40,20,4,4,90,18,10,3,,20007,22007,PG 1 Guard PL 8  eff:0  armour:guard-standard weapon:guard-rifle
9,310,26,40,20,4,4,90,18,10,3,,20008,22008,PG 1 Guard PL 9  eff:0  armour:guard-standard weapon:guard-rifle
10,330,30,40,20,5,4,90,18,10,3,,20009,22009,PG 1 Guard PL 10  eff:0  armour:guard-standard weapon:guard-rifle
11,340,32,40,20,6,4,93,18,10,3,,20010,22010,PG 1 Guard PL 11  eff:0  armour:guard-standard weapon:guard-rifle
12,60000,0,0,0,0,2,90,18,10,0,,20000,22001,PG 12 Target Dummy PL 2  eff:0
13,140,0,0,0,0,2,90,18,10,0,,20000,22001,PG 13 Roboguard PL 1  eff:0
14,200,10,40,20,0,2,90,18,10,0,,20000,22001,PG 14 G-Attacker PL 1  eff:0
15,210,12,40,20,0,2,90,18,10,0,,22000,22001,PG 15 G-Friendly PL 2  eff:0
16,360,34,40,20,6,5,97,18,10,3,,20011,22011,PG 1 Guard PL 12  eff:0  armour:guard-standard weapon:guard-rifle
17,380,37,40,20,7,5,100,18,10,4,,20012,22012,PG 1 Guard PL 13  eff:0  armour:guard-standard weapon:guard-rifle
18,400,39,40,20,7,5,103,18,10,4,,20013,22013,PG 1 Guard PL 14  eff:0  armour:guard-standard weapon:guard-rifle
19,420,41,40,20,8,6,107,18,10,4,,20014,22014,PG 1 Guard PL 15  eff:0  armour:guard-standard weapon:guard-rifle
20,440,43,40,20,8,6,110,18,10,4,,20015,22015,PG 1 Guard PL 16  eff:0  armour:guard-standard weapon:guard-rifle
21,470,46,40,20,9,6,113,18,10,5,,20016,22016,PG 1 Guard PL 17  eff:0  armour:guard-standard weapon:guard-rifle
22,500,48,40,20,9,7,117,18,10,5,,20017,22017,PG 1 Guard PL 18  eff:0  armour:guard-standard weapon:guard-rifle
23,530,50,40,20,10,7,120,18,10,5,,20018,22018,PG 1 Guard PL 19  eff:0  armour:guard-standard weapon:guard-rifle
24,560,52,40,20,11,7,123,18,10,5,,20019,22019,PG 1 Guard PL 20  eff:0  armour:guard-standard weapon:guard-rifle
47,240,10,40,20,2,2,90,18,10,1,,23030,22300,PG 47 MEK Lead PL 1  eff:0
48,188,20,40,20,1,1,90,18,10,1,,22000,22202,PG 48 MK Crusher PL 1  eff:0
49,150,10,40,20,0,1,60,18,10,1,,20000,22001,PG 49 MK Midweight PL 1  eff:0
50,140,10,30,20,0,1,90,18,10,1,64105,11,22001,PG 50 Demo Guard PL 1  eff:64105
51,140,10,30,20,0,1,90,18,10,1,64105,10,22001,PG 51 Demo Bullpup PL 1  eff:64105
52,140,10,30,20,0,1,90,18,10,1,64105,11,21999,PG 52 Guard PL 1  eff:64105
53,140,10,30,20,0,1,90,18,10,1,64105,10,21999,PG 53 Guard PL 1  eff:64105
54,140,10,30,20,0,1,90,18,10,1,64105,10,21999,PG 54 Guard PL 1  eff:64105
55,140,10,30,20,0,1,90,18,10,1,64105,10,22200,PG 55 Armored Guard PL 1  eff:64105
56,140,10,30,20,0,1,90,18,10,1,64105,10,21999,PG 56 Final Guard PL 1  eff:64105
57,140,10,30,30,0,1,90,18,10,1,64105,11,21999,PG 57 Guard PL 1  eff:64105
58,164,10,40,20,0,1,60,18,10,1,,20000,22001,PG 58 Guard PL 1  eff:0
100,250,20,40,20,0,2,90,18,10,1,,22000,901000,PG 100 Guard Shotgun PL 1  eff:0  armour:adaptive weapon:shotgun
101,270,23,40,20,1,2,90,18,10,1,,22001,901001,PG 100 Guard Shotgun PL 2  eff:0  armour:adaptive weapon:shotgun
102,280,26,40,20,1,2,95,18,10,1,,22002,901002,PG 100 Guard Shotgun PL 3  eff:0  armour:adaptive weapon:shotgun
103,290,29,40,20,2,2,95,18,10,1,,22003,901003,PG 100 Guard Shotgun PL 4  eff:0  armour:adaptive weapon:shotgun
104,300,32,40,20,3,2,100,18,10,1,,22004,901004,PG 100 Guard Shotgun PL 5  eff:0  armour:adaptive weapon:shotgun
105,320,35,40,20,3,2,100,18,10,2,,22005,901005,PG 100 Guard Shotgun PL 6  eff:0  armour:adaptive weapon:shotgun
106,340,38,40,20,4,2,105,18,10,2,,22006,901006,PG 100 Guard Shotgun PL 7  eff:0  armour:adaptive weapon:shotgun
107,360,40,40,20,4,2,105,18,10,2,,22007,901007,PG 100 Guard Shotgun PL 8  eff:0  armour:adaptive weapon:shotgun
108,380,40,40,20,4,2,110,18,10,2,,22008,901008,PG 100 Guard Shotgun PL 9  eff:0  armour:adaptive weapon:shotgun
109,400,40,40,20,5,2,115,18,10,2,,22009,901009,PG 100 Guard Shotgun PL 10  eff:0  armour:adaptive weapon:shotgun
110,420,42,40,20,6,2,118,18,10,2,,22010,901010,PG 100 Guard Shotgun PL 11  eff:0  armour:adaptive weapon:shotgun
111,450,44,40,20,6,2,121,18,10,2,,22011,901011,PG 100 Guard Shotgun PL 12  eff:0  armour:adaptive weapon:shotgun
112,480,47,40,20,7,2,123,18,10,2,,22012,901012,PG 100 Guard Shotgun PL 13  eff:0  armour:adaptive weapon:shotgun
113,510,49,40,20,7,2,126,18,10,2,,22013,901013,PG 100 Guard Shotgun PL 14  eff:0  armour:adaptive weapon:shotgun
114,540,51,40,20,8,2,129,18,10,3,,22014,901014,PG 100 Guard Shotgun PL 15  eff:0  armour:adaptive weapon:shotgun
115,570,53,40,20,8,2,132,18,10,3,,22015,901015,PG 100 Guard Shotgun PL 16  eff:0  armour:adaptive weapon:shotgun
116,600,56,40,20,9,2,134,18,10,3,,22016,901016,PG 100 Guard Shotgun PL 17  eff:0  armour:adaptive weapon:shotgun
117,640,58,40,20,9,2,137,18,10,3,,22017,901017,PG 100 Guard Shotgun PL 18  eff:0  armour:adaptive weapon:shotgun
118,680,60,40,20,10,2,140,18,10,3,,22018,901018,PG 100 Guard Shotgun PL 19  eff:0  armour:adaptive weapon:shotgun
119,720,62,40,20,11,2,143,18,10,3,,22019,901019,PG 100 Guard Shotgun PL 20  eff:0  armour:adaptive weapon:shotgun
150,200,10,40,30,1,2,90,22,10,1,64108,23011,22100,PG 150 Divergent PL 1  eff:64108  armour:sniper weapon:corp-smg
151,210,12,40,30,1,2,90,22,10,1,64108,23012,22101,PG 150 Divergent PL 2  eff:64108  armour:sniper weapon:corp-smg
152,220,14,40,30,2,2,95,22,10,1,64109,23013,22102,PG 150 Divergent PL 3  eff:64109  armour:sniper weapon:corp-smg
153,230,16,40,30,2,2,95,22,10,2,64109,23014,22103,PG 150 Divergent PL 4  eff:64109  armour:sniper weapon:corp-smg
154,240,18,40,30,3,2,100,22,10,2,64110,23015,22104,PG 150 Divergent PL 5  eff:64110  armour:sniper weapon:corp-smg
155,250,20,40,30,4,2,100,22,10,2,64110,23016,22105,PG 150 Divergent PL 6  eff:64110  armour:sniper weapon:corp-smg
156,260,22,40,30,5,2,105,22,10,2,64110,23017,22116,PG 150 Divergent PL 7  eff:64110  armour:sniper weapon:corp-smg
157,280,24,40,30,6,2,105,22,10,3,64110,23018,22117,PG 150 Divergent PL 8  eff:64110  armour:sniper weapon:corp-smg
158,300,26,40,30,6,2,110,22,10,3,64110,23019,22118,PG 150 Divergent PL 9  eff:64110  armour:sniper weapon:corp-smg
159,320,30,40,30,7,2,115,22,10,3,64110,23020,22119,PG 150 Divergent PL 10  eff:64110  armour:sniper weapon:corp-smg
160,250,10,40,20,1,2,60,18,10,1,,20000,901000,PG 160 FireCOM PL 1  eff:0  armour:adaptive weapon:guard-rifle
161,270,12,40,20,1,2,65,18,10,1,,20001,901001,PG 160 FireCOM PL 2  eff:0  armour:adaptive weapon:guard-rifle
162,290,14,40,20,2,2,70,18,10,1,,20002,901002,PG 160 FireCOM PL 3  eff:0  armour:adaptive weapon:guard-rifle
163,310,16,40,20,2,2,75,18,10,1,,20003,901003,PG 160 FireCOM PL 4  eff:0  armour:adaptive weapon:guard-rifle
164,330,18,40,20,3,2,80,18,10,2,,20004,901004,PG 160 FireCOM PL 5  eff:0  armour:adaptive weapon:guard-rifle
165,360,20,40,20,4,2,86,18,10,2,,20005,901005,PG 160 FireCOM PL 6  eff:0  armour:adaptive weapon:guard-rifle
166,400,22,40,20,5,2,90,18,10,2,,20006,901006,PG 160 FireCOM PL 7  eff:0  armour:adaptive weapon:guard-rifle
167,440,24,40,20,6,2,90,18,10,3,,20007,901007,PG 160 FireCOM PL 8  eff:0  armour:adaptive weapon:guard-rifle
168,480,26,40,20,6,2,90,18,10,3,,20008,901008,PG 160 FireCOM PL 9  eff:0  armour:adaptive weapon:guard-rifle
169,510,30,40,20,7,2,90,18,10,3,,20009,901009,PG 160 FireCOM PL 10  eff:0  armour:adaptive weapon:guard-rifle
170,540,32,40,20,8,2,93,18,10,3,,20010,901010,PG 160 FireCOM PL 11  eff:0  armour:adaptive weapon:guard-rifle
171,570,34,40,20,8,2,97,18,10,3,,20011,901011,PG 160 FireCOM PL 12  eff:0  armour:adaptive weapon:guard-rifle
172,600,37,40,20,9,2,100,18,10,4,,20012,901012,PG 160 FireCOM PL 13  eff:0  armour:adaptive weapon:guard-rifle
173,640,39,40,20,10,2,103,18,10,4,,20013,901013,PG 160 FireCOM PL 14  eff:0  armour:adaptive weapon:guard-rifle
174,680,41,40,20,10,2,107,18,10,4,,20014,901014,PG 160 FireCOM PL 15  eff:0  armour:adaptive weapon:guard-rifle
175,720,43,40,20,11,2,110,18,10,4,,20015,901015,PG 160 FireCOM PL 16  eff:0  armour:adaptive weapon:guard-rifle
176,760,46,40,20,12,2,113,18,10,5,,20016,901016,PG 160 FireCOM PL 17  eff:0  armour:adaptive weapon:guard-rifle
177,810,48,40,20,12,2,117,18,10,5,,20017,901017,PG 160 FireCOM PL 18  eff:0  armour:adaptive weapon:guard-rifle
178,860,50,40,20,13,2,120,18,10,5,,20018,901018,PG 160 FireCOM PL 19  eff:0  armour:adaptive weapon:guard-rifle
179,910,52,40,20,14,2,123,18,10,5,,20019,901019,PG 160 FireCOM PL 20  eff:0  armour:adaptive weapon:guard-rifle
180,340,32,40,30,8,2,118,22,10,3,64110,900030,22106,PG 150 Divergent PL 11  eff:64108  armour:sniper weapon:corp-smg
181,360,34,40,30,8,2,121,22,10,3,64110,900031,22107,PG 150 Divergent PL 12  eff:64108  armour:sniper weapon:corp-smg
182,380,37,40,30,9,2,123,22,10,4,64110,900032,22108,PG 150 Divergent PL 13  eff:64109  armour:sniper weapon:corp-smg
183,400,39,40,30,10,2,126,22,10,4,64110,900033,22109,PG 150 Divergent PL 14  eff:64109  armour:sniper weapon:corp-smg
184,420,41,40,30,10,2,129,22,10,4,64110,900034,22110,PG 150 Divergent PL 15  eff:64110  armour:sniper weapon:corp-smg
185,440,43,40,30,11,2,132,22,10,4,64110,900035,22111,PG 150 Divergent PL 16  eff:64110  armour:sniper weapon:corp-smg
186,460,46,40,30,12,2,134,22,10,5,64110,900036,22112,PG 150 Divergent PL 17  eff:64110  armour:sniper weapon:corp-smg
187,490,48,40,30,12,2,137,22,10,5,64110,900037,22113,PG 150 Divergent PL 18  eff:64110  armour:sniper weapon:corp-smg
188,520,50,40,30,13,2,140,22,10,5,64110,900038,22114,PG 150 Divergent PL 19  eff:64110  armour:sniper weapon:corp-smg
189,550,52,40,30,14,2,143,22,10,5,64110,900039,22115,PG 150 Divergent PL 20  eff:64110  armour:sniper weapon:corp-smg
200,200,20,40,20,0,2,90,22,10,1,,900170,22100,PG 200 Guard Sniper PL 1  eff:0  armour:sniper weapon:sniper6
201,210,21,40,20,1,2,100,22,10,1,,900171,22101,PG 200 Guard Sniper PL 2  eff:0  armour:sniper weapon:sniper6
202,220,22,40,20,1,2,110,22,10,1,,900172,22102,PG 200 Guard Sniper PL 3  eff:0  armour:sniper weapon:sniper6
203,230,23,40,20,2,2,120,22,10,1,,900173,22103,PG 200 Guard Sniper PL 4  eff:0  armour:sniper weapon:sniper6
204,240,24,40,20,3,2,130,22,10,1,,900174,22104,PG 200 Guard Sniper PL 5  eff:0  armour:sniper weapon:sniper6
205,250,25,40,20,3,2,140,22,10,2,,900175,22105,PG 200 Guard Sniper PL 6  eff:0  armour:sniper weapon:sniper6
206,270,26,40,20,4,2,150,22,10,2,,900176,22116,PG 200 Guard Sniper PL 7  eff:0  armour:sniper weapon:sniper6
207,290,27,40,20,4,2,160,22,10,2,,900177,22117,PG 200 Guard Sniper PL 8  eff:0  armour:sniper weapon:sniper6
208,310,28,40,20,4,2,170,22,10,2,,900178,22118,PG 200 Guard Sniper PL 9  eff:0  armour:sniper weapon:sniper6
209,330,29,40,20,5,2,180,22,10,2,,900179,22119,PG 200 Guard Sniper PL 10  eff:0  armour:sniper weapon:sniper6
210,340,30,40,20,6,2,190,22,10,2,,900000,22106,PG 200 Guard Sniper PL 11  eff:0  armour:sniper weapon:sniper6
211,360,31,40,20,6,2,200,22,10,2,,900001,22107,PG 200 Guard Sniper PL 12  eff:0  armour:sniper weapon:sniper6
212,380,32,40,20,7,2,210,22,10,2,,900002,22108,PG 200 Guard Sniper PL 13  eff:0  armour:sniper weapon:sniper6
213,400,33,40,20,7,2,220,22,10,2,,900003,22109,PG 200 Guard Sniper PL 14  eff:0  armour:sniper weapon:sniper6
214,420,34,40,20,8,2,230,22,10,3,,900004,22110,PG 200 Guard Sniper PL 15  eff:0  armour:sniper weapon:sniper6
215,440,35,40,20,8,2,240,22,10,3,,900005,22111,PG 200 Guard Sniper PL 16  eff:0  armour:sniper weapon:sniper6
216,470,36,40,20,9,2,250,22,10,3,,900006,22112,PG 200 Guard Sniper PL 17  eff:0  armour:sniper weapon:sniper6
217,500,37,40,20,9,2,260,22,10,3,,900007,22113,PG 200 Guard Sniper PL 18  eff:0  armour:sniper weapon:sniper6
218,530,38,40,20,10,2,270,22,10,3,,900008,22114,PG 200 Guard Sniper PL 19  eff:0  armour:sniper weapon:sniper6
219,560,39,40,20,11,2,280,22,10,3,,900009,22115,PG 200 Guard Sniper PL 20  eff:0  armour:sniper weapon:sniper6
300,250,15,40,20,0,2,90,18,10,1,,900160,901000,PG 300 Guard Bladesman PL 1  eff:0  armour:adaptive weapon:blade5
301,270,17,40,20,1,2,90,18,10,1,,900161,901001,PG 300 Guard Bladesman PL 2  eff:0  armour:adaptive weapon:blade5
302,280,19,40,20,1,2,90,18,10,1,,900162,901002,PG 300 Guard Bladesman PL 3  eff:0  armour:adaptive weapon:blade5
303,290,21,40,20,2,2,90,18,10,2,,900163,901003,PG 300 Guard Bladesman PL 4  eff:0  armour:adaptive weapon:blade5
304,300,23,40,20,3,2,90,18,10,2,,900164,901004,PG 300 Guard Bladesman PL 5  eff:0  armour:adaptive weapon:blade5
305,320,25,40,20,3,2,90,18,10,2,,900165,901005,PG 300 Guard Bladesman PL 6  eff:0  armour:adaptive weapon:blade5
306,340,30,40,20,4,2,90,18,10,2,,900166,901006,PG 300 Guard Bladesman PL 7  eff:0  armour:adaptive weapon:blade5
307,360,35,40,20,4,2,90,18,10,3,,900167,901007,PG 300 Guard Bladesman PL 8  eff:0  armour:adaptive weapon:blade5
308,380,40,40,20,4,2,90,18,10,3,,900168,901008,PG 300 Guard Bladesman PL 9  eff:0  armour:adaptive weapon:blade5
309,400,45,40,20,5,2,90,18,10,3,,900169,901009,PG 300 Guard Bladesman PL 10  eff:0  armour:adaptive weapon:blade5
310,420,48,40,20,6,2,90,18,10,3,,900010,901010,PG 300 Guard Bladesman PL 11  eff:0  armour:adaptive weapon:blade5
311,450,52,40,20,6,2,90,18,10,3,,900011,901011,PG 300 Guard Bladesman PL 12  eff:0  armour:adaptive weapon:blade5
312,480,55,40,20,7,2,90,18,10,4,,900012,901012,PG 300 Guard Bladesman PL 13  eff:0  armour:adaptive weapon:blade5
313,510,58,40,20,7,2,90,18,10,4,,900013,901013,PG 300 Guard Bladesman PL 14  eff:0  armour:adaptive weapon:blade5
314,540,62,40,20,8,2,90,18,10,4,,900014,901014,PG 300 Guard Bladesman PL 15  eff:0  armour:adaptive weapon:blade5
315,570,65,40,20,8,2,90,18,10,4,,900015,901015,PG 300 Guard Bladesman PL 16  eff:0  armour:adaptive weapon:blade5
316,600,68,40,20,9,2,90,18,10,5,,900016,901016,PG 300 Guard Bladesman PL 17  eff:0  armour:adaptive weapon:blade5
317,640,72,40,20,9,2,90,18,10,5,,900017,901017,PG 300 Guard Bladesman PL 18  eff:0  armour:adaptive weapon:blade5
318,680,75,40,20,10,2,90,18,10,5,,900018,901018,PG 300 Guard Bladesman PL 19  eff:0  armour:adaptive weapon:blade5
319,720,78,40,20,11,2,90,18,10,5,,900019,901019,PG 300 Guard Bladesman PL 20  eff:0  armour:adaptive weapon:blade5
400,240,10,40,20,2,3,90,20,10,1,64158,23030,901020,PG 400 Guard Captain PL 1  eff:64158  armour:heavy weapon:bullpup
401,260,12,40,20,2,3,90,20,10,1,64158,23031,901021,PG 400 Guard Captain PL 2  eff:64158  armour:heavy weapon:bullpup
402,280,14,40,20,3,3,95,20,10,1,64158,23032,901022,PG 400 Guard Captain PL 3  eff:64158  armour:heavy weapon:bullpup
403,300,16,40,20,3,3,95,20,10,1,64158,23033,901023,PG 400 Guard Captain PL 4  eff:64158  armour:heavy weapon:bullpup
404,320,18,40,30,4,3,100,20,10,2,64158,23034,901024,PG 400 Guard Captain PL 5  eff:64158  armour:heavy weapon:bullpup
405,350,20,40,30,4,3,100,20,10,2,64158,23035,901025,PG 400 Guard Captain PL 6  eff:64158  armour:heavy weapon:bullpup
406,380,22,40,30,5,3,105,20,10,2,64158,23036,901026,PG 400 Guard Captain PL 7  eff:64158  armour:heavy weapon:bullpup
407,410,24,40,30,6,3,105,20,10,3,64158,23037,901027,PG 400 Guard Captain PL 8  eff:64158  armour:heavy weapon:bullpup
408,450,26,40,30,7,3,110,20,10,3,64158,23038,901028,PG 400 Guard Captain PL 9  eff:64158  armour:heavy weapon:bullpup
409,500,30,40,30,7,3,115,20,10,3,64158,23039,901029,PG 400 Guard Captain PL 10  eff:64158  armour:heavy weapon:bullpup
410,540,32,40,30,8,3,118,20,10,3,64158,23040,901030,PG 400 Guard Captain PL 11  eff:64158  armour:heavy weapon:bullpup
411,580,34,40,30,8,3,121,20,10,3,64158,23041,901031,PG 400 Guard Captain PL 12  eff:64158  armour:heavy weapon:bullpup
412,630,37,40,30,9,3,123,20,10,4,64158,23042,901032,PG 400 Guard Captain PL 13  eff:64158  armour:heavy weapon:bullpup
413,680,39,40,30,9,3,126,20,10,4,64158,23043,901033,PG 400 Guard Captain PL 14  eff:64158  armour:heavy weapon:bullpup
414,730,41,40,40,10,3,129,20,10,4,64158,23044,901034,PG 400 Guard Captain PL 15  eff:64158  armour:heavy weapon:bullpup
415,790,43,40,40,10,3,132,20,10,4,64158,23045,901035,PG 400 Guard Captain PL 16  eff:64158  armour:heavy weapon:bullpup
416,850,46,40,40,11,3,134,20,10,5,64158,23046,901036,PG 400 Guard Captain PL 17  eff:64158  armour:heavy weapon:bullpup
417,920,48,40,40,11,3,137,20,10,5,64158,23047,901037,PG 400 Guard Captain PL 18  eff:64158  armour:heavy weapon:bullpup
418,990,50,40,40,12,3,140,20,10,5,64158,23048,901038,PG 400 Guard Captain PL 19  eff:64158  armour:heavy weapon:bullpup
419,1070,52,40,40,13,3,143,20,10,5,64158,23049,901039,PG 400 Guard Captain PL 20  eff:64158  armour:heavy weapon:bullpup
500,400,10,40,10,3,3,60,22,10,1,,20000,901060,PG 500 Mecha Infantry PL 1  eff:0  armour:drone-infantry weapon:guard-rifle
501,440,12,40,10,3,3,65,22,10,1,,20001,901061,PG 500 Mecha Infantry PL 2  eff:0  armour:drone-infantry weapon:guard-rifle
502,480,14,40,10,4,3,70,22,10,1,,20002,901062,PG 500 Mecha Infantry PL 3  eff:0  armour:drone-infantry weapon:guard-rifle
503,530,16,40,20,5,3,75,22,10,1,,20003,901063,PG 500 Mecha Infantry PL 4  eff:0  armour:drone-infantry weapon:guard-rifle
504,580,18,40,20,6,3,80,22,10,2,,20004,901064,PG 500 Mecha Infantry PL 5  eff:0  armour:drone-infantry weapon:guard-rifle
505,650,20,40,20,7,3,86,22,10,2,,20005,901065,PG 500 Mecha Infantry PL 6  eff:0  armour:drone-infantry weapon:guard-rifle
506,730,22,40,20,7,3,90,22,10,2,,20006,901066,PG 500 Mecha Infantry PL 7  eff:0  armour:drone-infantry weapon:guard-rifle
507,820,24,40,30,8,3,90,22,10,3,,20007,901067,PG 500 Mecha Infantry PL 8  eff:0  armour:drone-infantry weapon:guard-rifle
508,920,26,40,30,8,3,90,22,10,3,,20008,901068,PG 500 Mecha Infantry PL 9  eff:0  armour:drone-infantry weapon:guard-rifle
509,1030,30,40,30,9,3,90,22,10,3,,20009,901069,PG 500 Mecha Infantry PL 10  eff:0  armour:drone-infantry weapon:guard-rifle
510,1110,32,40,30,10,3,93,22,10,3,,20010,901070,PG 500 Mecha Infantry PL 11  eff:0  armour:drone-infantry weapon:guard-rifle
511,1200,34,40,30,10,3,97,22,10,3,,20011,901071,PG 500 Mecha Infantry PL 12  eff:0  armour:drone-infantry weapon:guard-rifle
512,1300,37,40,40,11,3,100,22,10,4,,20012,901072,PG 500 Mecha Infantry PL 13  eff:0  armour:drone-infantry weapon:guard-rifle
513,1400,39,40,40,12,3,103,22,10,4,,20013,901073,PG 500 Mecha Infantry PL 14  eff:0  armour:drone-infantry weapon:guard-rifle
514,1510,41,40,40,12,3,107,22,10,4,,20014,901074,PG 500 Mecha Infantry PL 15  eff:0  armour:drone-infantry weapon:guard-rifle
515,1630,43,40,40,13,3,110,22,10,4,,20015,901075,PG 500 Mecha Infantry PL 16  eff:0  armour:drone-infantry weapon:guard-rifle
516,1760,46,40,50,14,3,113,22,10,5,,20016,901076,PG 500 Mecha Infantry PL 17  eff:0  armour:drone-infantry weapon:guard-rifle
517,1900,48,40,50,14,3,117,22,10,5,,20017,901077,PG 500 Mecha Infantry PL 18  eff:0  armour:drone-infantry weapon:guard-rifle
518,2050,50,40,50,15,3,120,22,10,5,,20018,901078,PG 500 Mecha Infantry PL 19  eff:0  armour:drone-infantry weapon:guard-rifle
519,2210,52,40,50,16,3,123,22,10,5,,20019,901079,PG 500 Mecha Infantry PL 20  eff:0  armour:drone-infantry weapon:guard-rifle
520,250,10,40,20,1,3,90,20,10,1,,23030,901020,PG 520 E-Medic PL 1  eff:0  armour:heavy weapon:bullpup
521,280,12,40,20,1,3,90,20,10,1,,23031,901021,PG 520 E-Medic PL 2  eff:0  armour:heavy weapon:bullpup
522,320,14,40,20,2,3,95,20,10,1,,23032,901022,PG 520 E-Medic PL 3  eff:0  armour:heavy weapon:bullpup
523,360,16,40,20,2,3,95,20,10,1,,23033,901023,PG 520 E-Medic PL 4  eff:0  armour:heavy weapon:bullpup
524,410,18,40,20,3,3,100,20,10,2,,23034,901024,PG 520 E-Medic PL 5  eff:0  armour:heavy weapon:bullpup
525,460,20,40,20,4,3,100,20,10,2,,23035,901025,PG 520 E-Medic PL 6  eff:0  armour:heavy weapon:bullpup
526,520,22,40,20,5,3,105,20,10,2,,23036,901026,PG 520 E-Medic PL 7  eff:0  armour:heavy weapon:bullpup
527,590,24,40,20,6,3,105,20,10,3,,23037,901027,PG 520 E-Medic PL 8  eff:0  armour:heavy weapon:bullpup
528,670,26,40,20,6,3,110,20,10,3,,23038,901028,PG 520 E-Medic PL 9  eff:0  armour:heavy weapon:bullpup
529,760,30,40,20,7,3,115,20,10,3,,23039,901029,PG 520 E-Medic PL 10  eff:0  armour:heavy weapon:bullpup
530,250,20,40,20,1,3,90,22,10,1,,22000,901020,PG 530 Suppressant PL 1  eff:0  armour:heavy weapon:shotgun
531,270,23,40,20,1,3,90,22,10,1,,22001,901021,PG 530 Suppressant PL 2  eff:0  armour:heavy weapon:shotgun
532,280,26,40,20,2,3,95,22,10,1,,22002,901022,PG 530 Suppressant PL 3  eff:0  armour:heavy weapon:shotgun
533,290,29,40,20,2,3,95,22,10,1,,22003,901023,PG 530 Suppressant PL 4  eff:0  armour:heavy weapon:shotgun
534,300,32,40,20,3,3,100,22,10,1,,22004,901024,PG 530 Suppressant PL 5  eff:0  armour:heavy weapon:shotgun
535,320,35,40,20,4,3,100,22,10,2,,22005,901025,PG 530 Suppressant PL 6  eff:0  armour:heavy weapon:shotgun
536,340,38,40,20,5,3,105,22,10,2,,22006,901026,PG 530 Suppressant PL 7  eff:0  armour:heavy weapon:shotgun
537,360,40,40,20,6,3,105,22,10,2,,22007,901027,PG 530 Suppressant PL 8  eff:0  armour:heavy weapon:shotgun
538,380,40,40,20,6,3,110,22,10,2,,22008,901028,PG 530 Suppressant PL 9  eff:0  armour:heavy weapon:shotgun
539,400,40,40,20,7,3,115,22,10,2,,22009,901029,PG 530 Suppressant PL 10  eff:0  armour:heavy weapon:shotgun
540,368,15,40,30,2,2,90,20,10,1,64149,23070,22400,PG 540 Sentinel Exec PL 1  eff:64149  armour:superheavy weapon:high-dmg-ar
541,414,17,40,30,2,2,90,20,10,1,64149,23071,22401,PG 540 Sentinel Exec PL 2  eff:64149  armour:superheavy weapon:high-dmg-ar
542,460,19,40,30,3,2,90,20,10,1,64149,23072,22402,PG 540 Sentinel Exec PL 3  eff:64149  armour:superheavy weapon:high-dmg-ar
543,515,21,40,30,3,3,90,20,10,2,64149,23073,22403,PG 540 Sentinel Exec PL 4  eff:64149  armour:superheavy weapon:high-dmg-ar
544,589,23,40,30,4,3,90,20,10,2,64149,23074,22404,PG 540 Sentinel Exec PL 5  eff:64149  armour:superheavy weapon:high-dmg-ar
545,672,25,40,30,4,4,90,20,10,2,64149,23075,22405,PG 540 Sentinel Exec PL 6  eff:64149  armour:superheavy weapon:high-dmg-ar
546,764,30,40,30,5,4,90,20,10,2,64149,23076,22406,PG 540 Sentinel Exec PL 7  eff:64149  armour:superheavy weapon:high-dmg-ar
547,874,35,40,30,6,4,90,20,10,3,64149,23077,22407,PG 540 Sentinel Exec PL 8  eff:64149  armour:superheavy weapon:high-dmg-ar
548,994,40,40,30,7,4,90,20,10,3,64149,23078,22408,PG 540 Sentinel Exec PL 9  eff:64149  armour:superheavy weapon:high-dmg-ar
549,1132,45,40,30,7,4,90,20,10,3,64149,23079,22409,PG 540 Sentinel Exec PL 10  eff:64149  armour:superheavy weapon:high-dmg-ar
560,840,32,40,20,8,3,118,20,10,3,,23040,901030,PG 520 E-Medic PL 11  eff:0  armour:heavy weapon:bullpup
561,920,34,40,20,8,3,121,20,10,3,,23041,901031,PG 520 E-Medic PL 12  eff:0  armour:heavy weapon:bullpup
562,1010,37,40,20,9,3,123,20,10,4,,23042,901032,PG 520 E-Medic PL 13  eff:0  armour:heavy weapon:bullpup
563,1110,39,40,20,10,3,126,20,10,4,,23043,901033,PG 520 E-Medic PL 14  eff:0  armour:heavy weapon:bullpup
564,1220,41,40,20,10,3,129,20,10,4,,23044,901034,PG 520 E-Medic PL 15  eff:0  armour:heavy weapon:bullpup
565,1340,43,40,20,11,3,132,20,10,4,,23045,901035,PG 520 E-Medic PL 16  eff:0  armour:heavy weapon:bullpup
566,1470,46,40,20,12,3,134,20,10,5,,23046,901036,PG 520 E-Medic PL 17  eff:0  armour:heavy weapon:bullpup
567,1620,48,40,20,12,3,137,20,10,5,,23047,901037,PG 520 E-Medic PL 18  eff:0  armour:heavy weapon:bullpup
568,1780,50,40,20,13,3,140,20,10,5,,23048,901038,PG 520 E-Medic PL 19  eff:0  armour:heavy weapon:bullpup
569,1960,52,40,20,14,3,143,20,10,5,,23049,901039,PG 520 E-Medic PL 20  eff:0  armour:heavy weapon:bullpup
570,420,42,40,20,8,3,118,22,10,2,,22010,901030,PG 530 Suppressant PL 11  eff:0  armour:heavy weapon:shotgun
571,450,44,40,20,8,3,121,22,10,2,,22011,901031,PG 530 Suppressant PL 12  eff:0  armour:heavy weapon:shotgun
572,480,47,40,20,9,3,123,22,10,2,,22012,901032,PG 530 Suppressant PL 13  eff:0  armour:heavy weapon:shotgun
573,510,49,40,20,10,3,126,22,10,2,,22013,901033,PG 530 Suppressant PL 14  eff:0  armour:heavy weapon:shotgun
574,540,51,40,20,10,3,129,22,10,3,,22014,901034,PG 530 Suppressant PL 15  eff:0  armour:heavy weapon:shotgun
575,570,53,40,20,11,3,132,22,10,3,,22015,901035,PG 530 Suppressant PL 16  eff:0  armour:heavy weapon:shotgun
576,600,56,40,20,12,3,134,22,10,3,,22016,901036,PG 530 Suppressant PL 17  eff:0  armour:heavy weapon:shotgun
577,640,58,40,20,12,3,137,22,10,3,,22017,901037,PG 530 Suppressant PL 18  eff:0  armour:heavy weapon:shotgun
578,680,60,40,20,13,3,140,22,10,3,,22018,901038,PG 530 Suppressant PL 19  eff:0  armour:heavy weapon:shotgun
579,720,62,40,20,14,3,143,22,10,3,,22019,901039,PG 530 Suppressant PL 20  eff:0  armour:heavy weapon:shotgun
580,1270,48,40,30,8,4,90,20,10,3,64149,900060,22410,PG 540 Sentinel Exec PL 11  eff:64149  armour:superheavy weapon:high-dmg-ar
581,1426,52,40,30,8,4,90,20,10,3,64149,900061,22411,PG 540 Sentinel Exec PL 12  eff:64149  armour:superheavy weapon:high-dmg-ar
582,1601,55,40,30,9,5,90,20,10,4,64149,900062,22412,PG 540 Sentinel Exec PL 13  eff:64149  armour:superheavy weapon:high-dmg-ar
583,1794,58,40,30,9,5,90,20,10,4,64149,900063,22413,PG 540 Sentinel Exec PL 14  eff:64149  armour:superheavy weapon:high-dmg-ar
584,2006,62,40,30,10,5,90,20,10,4,64149,900064,22414,PG 540 Sentinel Exec PL 15  eff:64149  armour:superheavy weapon:high-dmg-ar
585,2245,65,40,30,10,5,90,20,10,4,64149,900065,22415,PG 540 Sentinel Exec PL 16  eff:64149  armour:superheavy weapon:high-dmg-ar
586,2512,68,40,30,11,6,90,20,10,5,64149,900066,22416,PG 540 Sentinel Exec PL 17  eff:64149  armour:superheavy weapon:high-dmg-ar
587,2815,72,40,30,11,6,90,20,10,5,64149,900067,22417,PG 540 Sentinel Exec PL 18  eff:64149  armour:superheavy weapon:high-dmg-ar
588,3156,75,40,30,12,6,90,20,10,5,64149,900068,22418,PG 540 Sentinel Exec PL 19  eff:64149  armour:superheavy weapon:high-dmg-ar
589,3533,78,40,30,13,6,90,20,10,5,64149,900069,22419,PG 540 Sentinel Exec PL 20  eff:64149  armour:superheavy weapon:high-dmg-ar
600,240,10,30,30,0,3,90,20,10,2,64150,70,22001,PG 600 VIP PL 1  eff:64150
601,200,10,30,30,0,3,90,20,10,2,64150,70,22001,PG 601 Wireghost PL 1  eff:64150
602,200,10,30,30,0,3,90,20,10,2,64150,70,22001,PG 602 Defector PL 1  eff:64150
1000,800,10,40,0,3,3,90,22,8,1,,23080,22500,PG 1000 MG Turret PL 1  eff:0  armour:turret weapon:turret-ar
1001,1008,12,40,0,3,3,90,22,8,1,,23081,22501,PG 1000 MG Turret PL 2  eff:0  armour:turret weapon:turret-ar
1002,1242,14,40,0,4,3,90,22,8,1,,23082,22502,PG 1000 MG Turret PL 3  eff:0  armour:turret weapon:turret-ar
1003,1490,16,40,0,5,3,90,22,8,2,,23083,22503,PG 1000 MG Turret PL 4  eff:0  armour:turret weapon:turret-ar
1004,1843,18,40,0,6,3,90,22,8,2,,23084,22504,PG 1000 MG Turret PL 5  eff:0  armour:turret weapon:turret-ar
1005,2209,20,40,0,7,3,90,22,8,2,,23085,22505,PG 1000 MG Turret PL 6  eff:0  armour:turret weapon:turret-ar
1006,2748,22,40,0,7,3,90,22,8,2,,23086,22506,PG 1000 MG Turret PL 7  eff:0  armour:turret weapon:turret-ar
1007,3300,24,40,0,8,3,90,22,8,3,,23087,22507,PG 1000 MG Turret PL 8  eff:0  armour:turret weapon:turret-ar
1008,4128,26,40,0,8,3,90,22,8,3,,23088,22508,PG 1000 MG Turret PL 9  eff:0  armour:turret weapon:turret-ar
1009,5039,30,40,0,9,3,90,22,8,3,,23089,22509,PG 1000 MG Turret PL 10  eff:0  armour:turret weapon:turret-ar
1010,5539,32,40,0,10,3,90,22,8,3,,900070,901040,PG 1000 MG Turret PL 11  eff:0  armour:turret weapon:turret-ar
1011,5978,34,40,0,10,3,90,22,8,3,,900071,901041,PG 1000 MG Turret PL 12  eff:0  armour:turret weapon:turret-ar
1012,6454,37,40,0,11,3,90,22,8,4,,900072,901042,PG 1000 MG Turret PL 13  eff:0  armour:turret weapon:turret-ar
1013,6844,39,40,0,12,3,90,22,8,4,,900073,901043,PG 1000 MG Turret PL 14  eff:0  armour:turret weapon:turret-ar
1014,7259,41,40,0,12,3,90,22,8,4,,900074,901044,PG 1000 MG Turret PL 15  eff:0  armour:turret weapon:turret-ar
1015,7625,43,40,0,13,3,90,22,8,4,,900075,901045,PG 1000 MG Turret PL 16  eff:0  armour:turret weapon:turret-ar
1016,8003,46,40,0,14,3,90,22,8,5,,900076,901046,PG 1000 MG Turret PL 17  eff:0  armour:turret weapon:turret-ar
1017,8406,48,40,0,14,3,90,22,8,5,,900077,901047,PG 1000 MG Turret PL 18  eff:0  armour:turret weapon:turret-ar
1018,9248,50,40,0,15,3,90,22,8,5,,900078,901048,PG 1000 MG Turret PL 19  eff:0  armour:turret weapon:turret-ar
1019,9890,52,40,0,16,3,90,22,8,5,,900079,901049,PG 1000 MG Turret PL 20  eff:0  armour:turret weapon:turret-ar
1020,800,10,40,0,3,3,90,22,8,1,,23100,22500,PG 1020 EG Turret PL 1  eff:0  armour:turret weapon:turret-er
1021,960,12,40,0,3,3,90,22,8,1,,23101,22501,PG 1020 EG Turret PL 2  eff:0  armour:turret weapon:turret-er
1022,1150,14,40,0,4,3,90,22,8,1,,23102,22502,PG 1020 EG Turret PL 3  eff:0  armour:turret weapon:turret-er
1023,1380,16,40,0,5,3,90,22,8,2,,23103,22503,PG 1020 EG Turret PL 4  eff:0  armour:turret weapon:turret-er
1024,1660,18,40,0,6,3,90,22,8,2,,23104,22504,PG 1020 EG Turret PL 5  eff:0  armour:turret weapon:turret-er
1025,1990,20,40,0,7,3,90,22,8,2,,23105,22505,PG 1020 EG Turret PL 6  eff:0  armour:turret weapon:turret-er
1026,2390,22,40,0,7,3,90,22,8,2,,23106,22506,PG 1020 EG Turret PL 7  eff:0  armour:turret weapon:turret-er
1027,2870,24,40,0,8,3,90,22,8,3,,23107,22507,PG 1020 EG Turret PL 8  eff:0  armour:turret weapon:turret-er
1028,3440,26,40,0,8,3,90,22,8,3,,23108,22508,PG 1020 EG Turret PL 9  eff:0  armour:turret weapon:turret-er
1029,4130,30,40,0,9,3,90,22,8,3,,23109,22509,PG 1020 EG Turret PL 10  eff:0  armour:turret weapon:turret-er
1030,4540,32,40,0,10,3,90,22,8,3,,900090,901040,PG 1020 EG Turret PL 11  eff:0  armour:turret weapon:turret-er
1031,4900,34,40,0,10,3,90,22,8,3,,900091,901041,PG 1020 EG Turret PL 12  eff:0  armour:turret weapon:turret-er
1032,5290,37,40,0,11,3,90,22,8,4,,900092,901042,PG 1020 EG Turret PL 13  eff:0  armour:turret weapon:turret-er
1033,5610,39,40,0,12,3,90,22,8,4,,900093,901043,PG 1020 EG Turret PL 14  eff:0  armour:turret weapon:turret-er
1034,5950,41,40,0,12,3,90,22,8,4,,900094,901044,PG 1020 EG Turret PL 15  eff:0  armour:turret weapon:turret-er
1035,6250,43,40,0,13,3,90,22,8,4,,900095,901045,PG 1020 EG Turret PL 16  eff:0  armour:turret weapon:turret-er
1036,6560,46,40,0,14,3,90,22,8,5,,900096,901046,PG 1020 EG Turret PL 17  eff:0  armour:turret weapon:turret-er
1037,6890,48,40,0,14,3,90,22,8,5,,900097,901047,PG 1020 EG Turret PL 18  eff:0  armour:turret weapon:turret-er
1038,7580,50,40,0,15,3,90,22,8,5,,900098,901048,PG 1020 EG Turret PL 19  eff:0  armour:turret weapon:turret-er
1039,8110,52,40,0,16,3,90,22,8,5,,900099,901049,PG 1020 EG Turret PL 20  eff:0  armour:turret weapon:turret-er
1100,700,20,40,10,3,3,120,25,6,1,64167,23110,22511,PG 1100 Hover Tank PL 1  eff:64167  armour:hovertank weapon:tank-cannon
1101,882,25,40,10,3,3,120,25,6,1,64167,23111,22512,PG 1100 Hover Tank PL 2  eff:64167  armour:hovertank weapon:tank-cannon
1102,1091,30,40,10,4,3,120,25,6,1,64167,23112,22513,PG 1100 Hover Tank PL 3  eff:64167  armour:hovertank weapon:tank-cannon
1103,1285,35,50,10,5,3,120,25,6,2,64167,23113,22514,PG 1100 Hover Tank PL 4  eff:64167  armour:hovertank weapon:tank-cannon
1104,1532,40,50,10,6,3,120,25,6,2,64167,23114,22515,PG 1100 Hover Tank PL 5  eff:64167  armour:hovertank weapon:tank-cannon
1105,1765,45,50,10,7,3,120,25,6,2,64167,23115,22516,PG 1100 Hover Tank PL 6  eff:64167  armour:hovertank weapon:tank-cannon
1106,2082,50,50,10,7,3,120,25,6,2,64168,23116,22517,PG 1100 Hover Tank PL 7  eff:64168  armour:hovertank weapon:tank-cannon
1107,2358,50,50,20,8,3,120,25,6,3,64168,23117,22518,PG 1100 Hover Tank PL 8  eff:64168  armour:hovertank weapon:tank-cannon
1108,2760,50,50,20,8,3,120,25,6,3,64169,23118,22519,PG 1100 Hover Tank PL 9  eff:64169  armour:hovertank weapon:tank-cannon
1109,3148,50,50,20,9,3,120,25,6,3,64169,23119,22520,PG 1100 Hover Tank PL 10  eff:64169  armour:hovertank weapon:tank-cannon
1110,3465,53,60,20,10,3,120,25,6,3,64169,900100,901050,PG 1100 Hover Tank PL 11  eff:64167  armour:hovertank weapon:tank-cannon
1111,3900,57,60,20,10,3,120,25,6,3,64169,900101,901051,PG 1100 Hover Tank PL 12  eff:64167  armour:hovertank weapon:tank-cannon
1112,4280,60,60,20,11,3,120,25,6,4,64169,900102,901052,PG 1100 Hover Tank PL 13  eff:64167  armour:hovertank weapon:tank-cannon
1113,4696,63,60,20,12,3,120,25,6,4,64169,900103,901053,PG 1100 Hover Tank PL 14  eff:64167  armour:hovertank weapon:tank-cannon
1114,5057,67,60,30,12,3,120,25,6,4,64169,900104,901054,PG 1100 Hover Tank PL 15  eff:64167  armour:hovertank weapon:tank-cannon
1115,5440,70,60,30,13,3,120,25,6,4,64169,900105,901055,PG 1100 Hover Tank PL 16  eff:64167  armour:hovertank weapon:tank-cannon
1116,5792,73,60,30,14,3,120,25,6,5,64169,900106,901056,PG 1100 Hover Tank PL 17  eff:64168  armour:hovertank weapon:tank-cannon
1117,6165,77,60,30,14,3,120,25,6,5,64169,900107,901057,PG 1100 Hover Tank PL 18  eff:64168  armour:hovertank weapon:tank-cannon
1118,6622,80,60,30,15,3,120,25,6,5,64169,900108,901058,PG 1100 Hover Tank PL 19  eff:64169  armour:hovertank weapon:tank-cannon
1119,7384,83,60,30,16,3,120,25,6,5,64169,900109,901059,PG 1100 Hover Tank PL 20  eff:64169  armour:hovertank weapon:tank-cannon
1120,630,20,40,10,3,3,120,22,8,1,64170,23110,22522,PG 1120 H-Support PL 1  eff:64170  armour:lighter-drone weapon:tank-cannon
1121,756,25,40,10,3,3,120,22,8,1,64170,23111,22523,PG 1120 H-Support PL 2  eff:64170  armour:lighter-drone weapon:tank-cannon
1122,909,30,40,10,4,3,120,22,8,1,64170,23112,22524,PG 1120 H-Support PL 3  eff:64170  armour:lighter-drone weapon:tank-cannon
1123,1071,35,50,10,5,3,120,22,8,2,64170,23113,22525,PG 1120 H-Support PL 4  eff:64170  armour:lighter-drone weapon:tank-cannon
1124,1242,40,50,10,6,3,120,22,8,2,64171,23114,22526,PG 1120 H-Support PL 5  eff:64171  armour:lighter-drone weapon:tank-cannon
1125,1431,45,50,10,7,3,120,22,8,2,64171,23115,22527,PG 1120 H-Support PL 6  eff:64171  armour:lighter-drone weapon:tank-cannon
1126,1629,50,50,10,7,3,120,22,8,2,64171,23116,22528,PG 1120 H-Support PL 7  eff:64171  armour:lighter-drone weapon:tank-cannon
1127,1845,50,50,20,8,3,120,22,8,3,64172,23117,22529,PG 1120 H-Support PL 8  eff:64172  armour:lighter-drone weapon:tank-cannon
1128,2070,50,50,20,8,3,120,22,8,3,64172,23118,22530,PG 1120 H-Support PL 9  eff:64172  armour:lighter-drone weapon:tank-cannon
1129,2322,50,50,20,9,3,120,22,8,3,64172,23119,22531,PG 1120 H-Support PL 10  eff:64172  armour:lighter-drone weapon:tank-cannon
1130,2556,53,60,20,10,3,120,22,8,3,64172,900100,22532,PG 1120 H-Support PL 11  eff:64170  armour:lighter-drone weapon:tank-cannon
1131,2808,57,60,20,10,3,120,22,8,3,64172,900101,22533,PG 1120 H-Support PL 12  eff:64170  armour:lighter-drone weapon:tank-cannon
1132,3033,60,60,20,11,3,120,22,8,4,64172,900102,22534,PG 1120 H-Support PL 13  eff:64170  armour:lighter-drone weapon:tank-cannon
1133,3276,63,60,20,12,3,120,22,8,4,64172,900103,22535,PG 1120 H-Support PL 14  eff:64170  armour:lighter-drone weapon:tank-cannon
1134,3474,67,60,30,12,3,120,22,8,4,64172,900104,22536,PG 1120 H-Support PL 15  eff:64171  armour:lighter-drone weapon:tank-cannon
1135,3681,70,60,30,13,3,120,22,8,4,64172,900105,22537,PG 1120 H-Support PL 16  eff:64171  armour:lighter-drone weapon:tank-cannon
1136,3861,73,60,30,14,3,120,22,8,5,64172,900106,22538,PG 1120 H-Support PL 17  eff:64171  armour:lighter-drone weapon:tank-cannon
1137,4050,77,60,30,14,3,120,22,8,5,64172,900107,22539,PG 1120 H-Support PL 18  eff:64172  armour:lighter-drone weapon:tank-cannon
1138,4257,80,60,30,15,3,120,22,8,5,64172,900108,22540,PG 1120 H-Support PL 19  eff:64172  armour:lighter-drone weapon:tank-cannon
1139,4680,83,60,30,16,3,120,22,8,5,64172,900109,22541,PG 1120 H-Support PL 20  eff:64172  armour:lighter-drone weapon:tank-cannon
1140,595,30,40,30,3,3,120,25,6,1,64173,23120,22522,PG 1140 VTOL PL 1  eff:64173  armour:lighter-drone weapon:vtol-ar
1141,714,30,40,30,3,3,120,25,6,1,64173,23121,22523,PG 1140 VTOL PL 2  eff:64173  armour:lighter-drone weapon:vtol-ar
1142,858,35,40,30,4,3,120,25,6,1,64173,23122,22524,PG 1140 VTOL PL 3  eff:64173  armour:lighter-drone weapon:vtol-ar
1143,1012,35,40,30,5,3,120,25,6,2,64173,23123,22525,PG 1140 VTOL PL 4  eff:64173  armour:lighter-drone weapon:vtol-ar
1144,1173,40,40,30,6,3,120,25,6,2,64173,23124,22526,PG 1140 VTOL PL 5  eff:64173  armour:lighter-drone weapon:vtol-ar
1145,1336,40,40,30,7,3,120,25,6,2,64174,23125,22527,PG 1140 VTOL PL 6  eff:64174  armour:lighter-drone weapon:vtol-ar
1146,1502,45,40,30,7,3,120,25,6,2,64174,23126,22528,PG 1140 VTOL PL 7  eff:64174  armour:lighter-drone weapon:vtol-ar
1147,1681,45,40,30,8,3,120,25,6,3,64174,23127,22529,PG 1140 VTOL PL 8  eff:64174  armour:lighter-drone weapon:vtol-ar
1148,1863,50,40,30,8,3,120,25,6,3,64175,23128,22530,PG 1140 VTOL PL 9  eff:64175  armour:lighter-drone weapon:vtol-ar
1149,2064,50,40,30,9,3,120,25,6,3,64175,23129,22531,PG 1140 VTOL PL 10  eff:64175  armour:lighter-drone weapon:vtol-ar
1150,2215,52,40,30,10,3,120,25,6,3,64175,900110,22532,PG 1140 VTOL PL 11  eff:64173  armour:lighter-drone weapon:vtol-ar
1151,2434,54,40,30,10,3,120,25,6,3,64175,900111,22533,PG 1140 VTOL PL 12  eff:64173  armour:lighter-drone weapon:vtol-ar
1152,2561,57,40,30,11,3,120,25,6,4,64175,900112,22534,PG 1140 VTOL PL 13  eff:64173  armour:lighter-drone weapon:vtol-ar
1153,2766,59,40,30,12,3,120,25,6,4,64175,900113,22535,PG 1140 VTOL PL 14  eff:64173  armour:lighter-drone weapon:vtol-ar
1154,2856,61,40,40,12,3,120,25,6,4,64175,900114,22536,PG 1140 VTOL PL 15  eff:64173  armour:lighter-drone weapon:vtol-ar
1155,3027,63,40,40,13,3,120,25,6,4,64175,900115,22537,PG 1140 VTOL PL 16  eff:64174  armour:lighter-drone weapon:vtol-ar
1156,3089,66,40,40,14,3,120,25,6,5,64175,900116,22538,PG 1140 VTOL PL 17  eff:64174  armour:lighter-drone weapon:vtol-ar
1157,3240,68,40,40,14,3,120,25,6,5,64175,900117,22539,PG 1140 VTOL PL 18  eff:64174  armour:lighter-drone weapon:vtol-ar
1158,3311,70,40,40,15,3,120,25,6,5,64175,900118,22540,PG 1140 VTOL PL 19  eff:64175  armour:lighter-drone weapon:vtol-ar
1159,3640,72,40,40,16,3,120,25,6,5,64175,900119,22541,PG 1140 VTOL PL 20  eff:64175  armour:lighter-drone weapon:vtol-ar
3000,150,10,40,20,0,1,90,18,10,1,,23001,22000,PG 3000 Street Warrior PL 1  eff:0  armour:guard-standard weapon:street-smg
3001,170,12,40,20,1,1,90,18,10,1,,23002,22001,PG 3000 Street Warrior PL 2  eff:0  armour:guard-standard weapon:street-smg
3002,190,14,40,20,1,1,95,18,10,1,,23003,22002,PG 3000 Street Warrior PL 3  eff:0  armour:guard-standard weapon:street-smg
3003,210,16,40,20,2,1,95,18,10,2,,23004,22003,PG 3000 Street Warrior PL 4  eff:0  armour:guard-standard weapon:street-smg
3004,230,18,40,20,3,1,100,18,10,2,,23005,22004,PG 3000 Street Warrior PL 5  eff:0  armour:guard-standard weapon:street-smg
3005,250,20,40,20,3,1,100,18,10,2,,23006,22005,PG 3000 Street Warrior PL 6  eff:0  armour:guard-standard weapon:street-smg
3006,280,22,40,20,4,1,105,18,10,2,,23007,22006,PG 3000 Street Warrior PL 7  eff:0  armour:guard-standard weapon:street-smg
3007,310,24,40,20,4,1,105,18,10,3,,23008,22007,PG 3000 Street Warrior PL 8  eff:0  armour:guard-standard weapon:street-smg
3008,340,26,40,20,4,1,110,18,10,3,,23009,22008,PG 3000 Street Warrior PL 9  eff:0  armour:guard-standard weapon:street-smg
3009,370,30,40,20,5,1,115,18,10,3,,23010,22009,PG 3000 Street Warrior PL 10  eff:0  armour:guard-standard weapon:street-smg
3010,400,32,40,20,6,1,118,18,10,3,,900020,22010,PG 3000 Street Warrior PL 11  eff:0  armour:guard-standard weapon:street-smg
3011,430,34,40,20,6,1,121,18,10,3,,900021,22011,PG 3000 Street Warrior PL 12  eff:0  armour:guard-standard weapon:street-smg
3012,460,37,40,20,7,1,123,18,10,4,,900022,22012,PG 3000 Street Warrior PL 13  eff:0  armour:guard-standard weapon:street-smg
3013,500,39,40,20,7,1,126,18,10,4,,900023,22013,PG 3000 Street Warrior PL 14  eff:0  armour:guard-standard weapon:street-smg
3014,530,41,40,20,8,1,129,18,10,4,,900024,22014,PG 3000 Street Warrior PL 15  eff:0  armour:guard-standard weapon:street-smg
3015,560,43,40,20,8,1,132,18,10,4,,900025,22015,PG 3000 Street Warrior PL 16  eff:0  armour:guard-standard weapon:street-smg
3016,590,46,40,20,9,1,134,18,10,5,,900026,22016,PG 3000 Street Warrior PL 17  eff:0  armour:guard-standard weapon:street-smg
3017,630,48,40,20,9,1,137,18,10,5,,900027,22017,PG 3000 Street Warrior PL 18  eff:0  armour:guard-standard weapon:street-smg
3018,660,50,40,20,10,1,140,18,10,5,,900028,22018,PG 3000 Street Warrior PL 19  eff:0  armour:guard-standard weapon:street-smg
3019,690,52,40,20,11,1,143,18,10,5,,900029,22019,PG 3000 Street Warrior PL 20  eff:0  armour:guard-standard weapon:street-smg
3100,250,15,40,20,0,2,90,18,10,1,,900160,22000,PG 3100 Street Berserk PL 1  eff:0  armour:guard-standard weapon:blade5
3101,270,15,40,20,1,2,90,18,10,1,,900161,22001,PG 3100 Street Berserk PL 2  eff:0  armour:guard-standard weapon:blade5
3102,280,17,40,20,1,2,90,18,10,1,,900162,22002,PG 3100 Street Berserk PL 3  eff:0  armour:guard-standard weapon:blade5
3103,290,19,40,20,2,2,90,18,10,1,,900163,22003,PG 3100 Street Berserk PL 4  eff:0  armour:guard-standard weapon:blade5
3104,300,21,40,20,3,2,90,18,10,2,,900164,22004,PG 3100 Street Berserk PL 5  eff:0  armour:guard-standard weapon:blade5
3105,320,23,40,20,3,2,90,18,10,2,,900165,22005,PG 3100 Street Berserk PL 6  eff:0  armour:guard-standard weapon:blade5
3106,340,23,40,20,4,2,90,18,10,2,,900166,22006,PG 3100 Street Berserk PL 7  eff:0  armour:guard-standard weapon:blade5
3107,360,25,40,20,4,2,90,18,10,2,,900167,22007,PG 3100 Street Berserk PL 8  eff:0  armour:guard-standard weapon:blade5
3108,380,30,40,20,4,2,90,18,10,2,,900168,22008,PG 3100 Street Berserk PL 9  eff:0  armour:guard-standard weapon:blade5
3109,400,35,40,20,5,2,90,18,10,3,,900169,22009,PG 3100 Street Berserk PL 10  eff:0  armour:guard-standard weapon:blade5
3110,420,40,40,20,6,2,90,18,10,3,,900010,22010,PG 3100 Street Berserk PL 11  eff:0  armour:guard-standard weapon:blade5
3111,450,45,40,20,6,2,90,18,10,3,,900011,22011,PG 3100 Street Berserk PL 12  eff:0  armour:guard-standard weapon:blade5
3112,480,45,40,20,7,2,90,18,10,4,,900012,22012,PG 3100 Street Berserk PL 13  eff:0  armour:guard-standard weapon:blade5
3113,510,45,40,20,7,2,90,18,10,4,,900013,22013,PG 3100 Street Berserk PL 14  eff:0  armour:guard-standard weapon:blade5
3114,540,46,40,20,8,2,90,18,10,4,,900014,22014,PG 3100 Street Berserk PL 15  eff:0  armour:guard-standard weapon:blade5
3115,570,48,40,20,8,2,90,18,10,4,,900015,22015,PG 3100 Street Berserk PL 16  eff:0  armour:guard-standard weapon:blade5
3116,600,51,40,20,9,2,90,18,10,5,,900016,22016,PG 3100 Street Berserk PL 17  eff:0  armour:guard-standard weapon:blade5
3117,640,53,40,20,9,2,90,18,10,5,,900017,22017,PG 3100 Street Berserk PL 18  eff:0  armour:guard-standard weapon:blade5
3118,680,55,40,20,10,2,90,18,10,5,,900018,22018,PG 3100 Street Berserk PL 19  eff:0  armour:guard-standard weapon:blade5
3119,720,57,40,20,11,2,90,18,10,5,,900019,22019,PG 3100 Street Berserk PL 20  eff:0  armour:guard-standard weapon:blade5
3120,250,15,40,20,1,2,90,18,10,1,,900190,22000,PG 3101 Street Shockstick PL 1  eff:0  armour:guard-standard weapon:shock
3121,270,15,40,20,1,2,90,18,10,1,,900191,22001,PG 3101 Street Shockstick PL 2  eff:0  armour:guard-standard weapon:shock
3122,280,17,40,20,2,2,90,18,10,1,,900192,22002,PG 3101 Street Shockstick PL 3  eff:0  armour:guard-standard weapon:shock
3123,290,19,40,20,2,2,90,18,10,1,,900193,22003,PG 3101 Street Shockstick PL 4  eff:0  armour:guard-standard weapon:shock
3124,300,21,40,20,3,2,90,18,10,2,,900194,22004,PG 3101 Street Shockstick PL 5  eff:0  armour:guard-standard weapon:shock
3125,320,23,40,20,4,2,90,18,10,2,,900195,22005,PG 3101 Street Shockstick PL 6  eff:0  armour:guard-standard weapon:shock
3126,340,23,40,20,5,2,90,18,10,2,,900196,22006,PG 3101 Street Shockstick PL 7  eff:0  armour:guard-standard weapon:shock
3127,360,25,40,20,6,2,90,18,10,2,,900197,22007,PG 3101 Street Shockstick PL 8  eff:0  armour:guard-standard weapon:shock
3128,380,30,40,20,6,2,90,18,10,2,,900198,22008,PG 3101 Street Shockstick PL 9  eff:0  armour:guard-standard weapon:shock
3129,400,35,40,20,7,2,90,18,10,2,,900199,22009,PG 3101 Street Shockstick PL 10  eff:0  armour:guard-standard weapon:shock
3130,420,40,40,20,8,2,90,18,10,2,,900120,22010,PG 3101 Street Shockstick PL 11  eff:0  armour:guard-standard weapon:shock
3131,450,45,40,20,8,2,90,18,10,2,,900121,22011,PG 3101 Street Shockstick PL 12  eff:0  armour:guard-standard weapon:shock
3132,480,45,40,20,9,2,90,18,10,2,,900122,22012,PG 3101 Street Shockstick PL 13  eff:0  armour:guard-standard weapon:shock
3133,510,45,40,20,10,2,90,18,10,2,,900123,22013,PG 3101 Street Shockstick PL 14  eff:0  armour:guard-standard weapon:shock
3134,540,46,40,20,10,2,90,18,10,3,,900124,22014,PG 3101 Street Shockstick PL 15  eff:0  armour:guard-standard weapon:shock
3135,570,48,40,20,11,2,90,18,10,3,,900125,22015,PG 3101 Street Shockstick PL 16  eff:0  armour:guard-standard weapon:shock
3136,600,51,40,20,12,2,90,18,10,3,,900126,22016,PG 3101 Street Shockstick PL 17  eff:0  armour:guard-standard weapon:shock
3137,640,53,40,20,12,2,90,18,10,3,,900127,22017,PG 3101 Street Shockstick PL 18  eff:0  armour:guard-standard weapon:shock
3138,680,55,40,20,13,2,90,18,10,3,,900128,22018,PG 3101 Street Shockstick PL 19  eff:0  armour:guard-standard weapon:shock
3139,720,57,40,20,14,2,90,18,10,3,,900129,22019,PG 3101 Street Shockstick PL 20  eff:0  armour:guard-standard weapon:shock
3200,150,20,40,20,1,3,90,18,10,1,,22000,901000,PG 3200 Street Charger PL 1  eff:0  armour:adaptive weapon:shotgun
3201,170,20,40,20,1,3,90,18,10,1,,22000,901001,PG 3200 Street Charger PL 2  eff:0  armour:adaptive weapon:shotgun
3202,190,23,40,20,2,3,90,18,10,1,,22001,901002,PG 3200 Street Charger PL 3  eff:0  armour:adaptive weapon:shotgun
3203,210,26,40,20,2,3,95,18,10,1,,22002,901003,PG 3200 Street Charger PL 4  eff:0  armour:adaptive weapon:shotgun
3204,230,29,40,20,3,3,95,18,10,1,,22003,901004,PG 3200 Street Charger PL 5  eff:0  armour:adaptive weapon:shotgun
3205,250,32,40,20,4,3,100,18,10,1,,22004,901005,PG 3200 Street Charger PL 6  eff:0  armour:adaptive weapon:shotgun
3206,280,32,40,20,5,3,100,18,10,1,,22004,901006,PG 3200 Street Charger PL 7  eff:0  armour:adaptive weapon:shotgun
3207,310,35,40,20,6,3,100,18,10,2,,22005,901007,PG 3200 Street Charger PL 8  eff:0  armour:adaptive weapon:shotgun
3208,340,38,40,20,6,3,105,18,10,2,,22006,901008,PG 3200 Street Charger PL 9  eff:0  armour:adaptive weapon:shotgun
3209,370,40,40,20,7,3,105,18,10,2,,22007,901009,PG 3200 Street Charger PL 10  eff:0  armour:adaptive weapon:shotgun
3210,400,42,40,20,8,3,110,18,10,2,,22010,901010,PG 3200 Street Charger PL 11  eff:0  armour:adaptive weapon:shotgun
3211,430,44,40,20,8,3,115,18,10,2,,22011,901011,PG 3200 Street Charger PL 12  eff:0  armour:adaptive weapon:shotgun
3212,460,47,40,20,9,3,115,18,10,2,,22012,901012,PG 3200 Street Charger PL 13  eff:0  armour:adaptive weapon:shotgun
3213,500,49,40,20,10,3,115,18,10,2,,22013,901013,PG 3200 Street Charger PL 14  eff:0  armour:adaptive weapon:shotgun
3214,530,51,40,20,10,3,115,18,10,3,,22014,901014,PG 3200 Street Charger PL 15  eff:0  armour:adaptive weapon:shotgun
3215,560,53,40,20,11,3,115,18,10,3,,22015,901015,PG 3200 Street Charger PL 16  eff:0  armour:adaptive weapon:shotgun
3216,590,56,40,20,12,3,117,18,10,3,,22016,901016,PG 3200 Street Charger PL 17  eff:0  armour:adaptive weapon:shotgun
3217,630,58,40,20,12,3,118,18,10,3,,22017,901017,PG 3200 Street Charger PL 18  eff:0  armour:adaptive weapon:shotgun
3218,660,60,40,20,13,3,120,18,10,3,,22018,901018,PG 3200 Street Charger PL 19  eff:0  armour:adaptive weapon:shotgun
3219,690,62,40,20,14,3,122,18,10,3,,22019,901019,PG 3200 Street Charger PL 20  eff:0  armour:adaptive weapon:shotgun
3220,225,20,40,20,1,2,90,18,10,1,,22000,901000,PG 3201 Chopshop PL 1  eff:0  armour:adaptive weapon:shotgun
3221,240,20,40,20,1,2,90,18,10,1,,22000,901001,PG 3201 Chopshop PL 2  eff:0  armour:adaptive weapon:shotgun
3222,250,23,40,20,2,2,90,18,10,1,,22001,901002,PG 3201 Chopshop PL 3  eff:0  armour:adaptive weapon:shotgun
3223,270,26,40,20,2,2,95,18,10,1,,22002,901003,PG 3201 Chopshop PL 4  eff:0  armour:adaptive weapon:shotgun
3224,290,29,40,20,3,2,95,18,10,1,,22003,901004,PG 3201 Chopshop PL 5  eff:0  armour:adaptive weapon:shotgun
3225,310,32,40,20,4,2,100,18,10,1,,22004,901005,PG 3201 Chopshop PL 6  eff:0  armour:adaptive weapon:shotgun
3226,330,32,40,20,5,2,100,18,10,1,,22004,901006,PG 3201 Chopshop PL 7  eff:0  armour:adaptive weapon:shotgun
3227,350,35,40,20,6,2,100,18,10,2,,22005,901007,PG 3201 Chopshop PL 8  eff:0  armour:adaptive weapon:shotgun
3228,370,38,40,20,6,2,105,18,10,2,,22006,901008,PG 3201 Chopshop PL 9  eff:0  armour:adaptive weapon:shotgun
3229,390,40,40,20,7,2,105,18,10,2,,22007,901009,PG 3201 Chopshop PL 10  eff:0  armour:adaptive weapon:shotgun
3230,410,42,40,20,8,2,110,18,10,2,,22010,901010,PG 3201 Chopshop PL 11  eff:0  armour:adaptive weapon:shotgun
3231,430,44,40,20,8,2,115,18,10,2,,22011,901011,PG 3201 Chopshop PL 12  eff:0  armour:adaptive weapon:shotgun
3232,460,47,40,20,9,2,115,18,10,2,,22012,901012,PG 3201 Chopshop PL 13  eff:0  armour:adaptive weapon:shotgun
3233,490,49,40,20,10,2,115,18,10,2,,22013,901013,PG 3201 Chopshop PL 14  eff:0  armour:adaptive weapon:shotgun
3234,520,51,40,20,10,2,115,18,10,3,,22014,901014,PG 3201 Chopshop PL 15  eff:0  armour:adaptive weapon:shotgun
3235,550,53,40,20,11,2,115,18,10,3,,22015,901015,PG 3201 Chopshop PL 16  eff:0  armour:adaptive weapon:shotgun
3236,580,56,40,20,12,2,117,18,10,3,,22016,901016,PG 3201 Chopshop PL 17  eff:0  armour:adaptive weapon:shotgun
3237,610,58,40,20,12,2,118,18,10,3,,22017,901017,PG 3201 Chopshop PL 18  eff:0  armour:adaptive weapon:shotgun
3238,650,60,40,20,13,2,120,18,10,3,,22018,901018,PG 3201 Chopshop PL 19  eff:0  armour:adaptive weapon:shotgun
3239,690,62,40,20,14,2,122,18,10,3,,22019,901019,PG 3201 Chopshop PL 20  eff:0  armour:adaptive weapon:shotgun
3300,150,20,40,20,0,3,90,22,10,1,,900170,22100,PG 3300 Street Sniper PL 1  eff:0  armour:sniper weapon:sniper6
3301,170,20,40,20,1,3,90,22,10,1,,900171,22101,PG 3300 Street Sniper PL 2  eff:0  armour:sniper weapon:sniper6
3302,190,21,40,20,1,3,100,22,10,1,,900172,22102,PG 3300 Street Sniper PL 3  eff:0  armour:sniper weapon:sniper6
3303,210,22,40,20,2,3,110,22,10,1,,900173,22103,PG 3300 Street Sniper PL 4  eff:0  armour:sniper weapon:sniper6
3304,230,23,40,20,3,3,120,22,10,1,,900174,22104,PG 3300 Street Sniper PL 5  eff:0  armour:sniper weapon:sniper6
3305,250,24,40,20,3,3,130,22,10,1,,900175,22105,PG 3300 Street Sniper PL 6  eff:0  armour:sniper weapon:sniper6
3306,280,24,40,20,4,3,130,22,10,1,,900176,22116,PG 3300 Street Sniper PL 7  eff:0  armour:sniper weapon:sniper6
3307,310,25,40,20,4,3,140,22,10,2,,900177,22117,PG 3300 Street Sniper PL 8  eff:0  armour:sniper weapon:sniper6
3308,340,26,40,20,4,3,150,22,10,2,,900178,22118,PG 3300 Street Sniper PL 9  eff:0  armour:sniper weapon:sniper6
3309,370,27,40,20,5,3,160,22,10,2,,900179,22119,PG 3300 Street Sniper PL 10  eff:0  armour:sniper weapon:sniper6
3310,400,28,40,20,6,3,170,22,10,2,,900000,22106,PG 3300 Street Sniper PL 11  eff:0  armour:sniper weapon:sniper6
3311,430,29,40,20,6,3,180,22,10,2,,900001,22107,PG 3300 Street Sniper PL 12  eff:0  armour:sniper weapon:sniper6
3312,460,29,40,20,7,3,183,22,10,2,,900002,22108,PG 3300 Street Sniper PL 13  eff:0  armour:sniper weapon:sniper6
3313,500,30,40,20,7,3,191,22,10,2,,900003,22109,PG 3300 Street Sniper PL 14  eff:0  armour:sniper weapon:sniper6
3314,530,31,40,20,8,3,199,22,10,3,,900004,22110,PG 3300 Street Sniper PL 15  eff:0  armour:sniper weapon:sniper6
3315,560,32,40,20,8,3,207,22,10,3,,900005,22111,PG 3300 Street Sniper PL 16  eff:0  armour:sniper weapon:sniper6
3316,590,32,40,20,9,3,214,22,10,3,,900006,22112,PG 3300 Street Sniper PL 17  eff:0  armour:sniper weapon:sniper6
3317,630,33,40,20,9,3,222,22,10,3,,900007,22113,PG 3300 Street Sniper PL 18  eff:0  armour:sniper weapon:sniper6
3318,660,34,40,20,10,3,230,22,10,3,,900008,22114,PG 3300 Street Sniper PL 19  eff:0  armour:sniper weapon:sniper6
3319,690,35,40,20,11,3,238,22,10,3,,900009,22115,PG 3300 Street Sniper PL 20  eff:0  armour:sniper weapon:sniper6
3400,200,10,40,20,1,3,90,20,10,1,64159,23011,901000,PG 3400 Grunt Captain PL 1  eff:64159  armour:adaptive weapon:corp-smg
3401,210,12,40,20,1,3,90,20,10,1,64159,23012,901001,PG 3400 Grunt Captain PL 2  eff:64159  armour:adaptive weapon:corp-smg
3402,220,14,40,20,2,3,95,20,10,1,64159,23013,901002,PG 3400 Grunt Captain PL 3  eff:64159  armour:adaptive weapon:corp-smg
3403,230,16,40,20,2,3,95,20,10,2,64159,23014,901003,PG 3400 Grunt Captain PL 4  eff:64159  armour:adaptive weapon:corp-smg
3404,250,18,40,20,3,3,100,20,10,2,64159,23015,901004,PG 3400 Grunt Captain PL 5  eff:64159  armour:adaptive weapon:corp-smg
3405,270,20,40,30,4,3,100,20,10,2,64159,23016,901005,PG 3400 Grunt Captain PL 6  eff:64159  armour:adaptive weapon:corp-smg
3406,290,22,40,30,5,3,105,20,10,2,64159,23017,901006,PG 3400 Grunt Captain PL 7  eff:64159  armour:adaptive weapon:corp-smg
3407,310,24,40,30,6,3,105,20,10,3,64159,23018,901007,PG 3400 Grunt Captain PL 8  eff:64159  armour:adaptive weapon:corp-smg
3408,330,26,40,30,6,3,110,20,10,3,64159,23019,901008,PG 3400 Grunt Captain PL 9  eff:64159  armour:adaptive weapon:corp-smg
3409,360,30,40,30,7,3,115,20,10,3,64159,23020,901009,PG 3400 Grunt Captain PL 10  eff:64159  armour:adaptive weapon:corp-smg
3410,300,10,40,30,2,2,90,20,10,1,64159,23030,901020,PG 3410 Street King PL 1  eff:64159  armour:heavy weapon:bullpup
3411,338,12,40,30,2,2,90,20,10,1,64159,23031,901021,PG 3410 Street King PL 2  eff:64159  armour:heavy weapon:bullpup
3412,375,14,40,30,3,2,95,20,10,1,64159,23032,901022,PG 3410 Street King PL 3  eff:64159  armour:heavy weapon:bullpup
3413,420,16,40,30,3,3,95,20,10,1,64159,23033,901023,PG 3410 Street King PL 4  eff:64159  armour:heavy weapon:bullpup
3414,480,18,40,30,4,3,100,20,10,2,64159,23034,901024,PG 3410 Street King PL 5  eff:64159  armour:heavy weapon:bullpup
3415,548,20,40,30,4,4,100,20,10,2,64159,23035,901025,PG 3410 Street King PL 6  eff:64159  armour:heavy weapon:bullpup
3416,622,22,40,30,5,4,105,20,10,2,64159,23036,901026,PG 3410 Street King PL 7  eff:64159  armour:heavy weapon:bullpup
3417,712,24,40,30,6,4,105,20,10,3,64159,23037,901027,PG 3410 Street King PL 8  eff:64159  armour:heavy weapon:bullpup
3418,810,26,40,30,7,4,110,20,10,3,64159,23038,901028,PG 3410 Street King PL 9  eff:64159  armour:heavy weapon:bullpup
3419,922,30,40,30,7,4,115,20,10,3,64159,23039,901029,PG 3410 Street King PL 10  eff:64159  armour:heavy weapon:bullpup
3420,1035,32,40,30,8,4,118,20,10,3,64159,23040,901030,PG 3410 Street King PL 11  eff:64159  armour:heavy weapon:bullpup
3421,1162,34,40,30,8,4,121,20,10,3,64159,23041,901031,PG 3410 Street King PL 12  eff:64159  armour:heavy weapon:bullpup
3422,1305,37,40,30,9,5,123,20,10,4,64159,23042,901032,PG 3410 Street King PL 13  eff:64159  armour:heavy weapon:bullpup
3423,1462,39,40,30,9,5,126,20,10,4,64159,23043,901033,PG 3410 Street King PL 14  eff:64159  armour:heavy weapon:bullpup
3424,1635,41,40,30,10,5,129,20,10,4,64159,23044,901034,PG 3410 Street King PL 15  eff:64159  armour:heavy weapon:bullpup
3425,1830,43,40,30,10,5,132,20,10,4,64159,23045,901035,PG 3410 Street King PL 16  eff:64159  armour:heavy weapon:bullpup
3426,2048,46,40,30,11,6,134,20,10,5,64159,23046,901036,PG 3410 Street King PL 17  eff:64159  armour:heavy weapon:bullpup
3427,2295,48,40,30,11,6,137,20,10,5,64159,23047,901037,PG 3410 Street King PL 18  eff:64159  armour:heavy weapon:bullpup
3428,2572,50,40,30,12,6,140,20,10,5,64159,23048,901038,PG 3410 Street King PL 19  eff:64159  armour:heavy weapon:bullpup
3429,2880,52,40,30,13,6,143,20,10,5,64159,23049,901039,PG 3410 Street King PL 20  eff:64159  armour:heavy weapon:bullpup
3430,380,32,40,30,8,3,118,20,10,3,64159,900030,901010,PG 3400 Grunt Captain PL 11  eff:64159  armour:adaptive weapon:corp-smg
3431,400,34,40,30,8,3,121,20,10,3,64159,900031,901011,PG 3400 Grunt Captain PL 12  eff:64159  armour:adaptive weapon:corp-smg
3432,420,37,40,30,9,3,123,20,10,4,64159,900032,901012,PG 3400 Grunt Captain PL 13  eff:64159  armour:adaptive weapon:corp-smg
3433,450,39,40,30,10,3,126,20,10,4,64159,900033,901013,PG 3400 Grunt Captain PL 14  eff:64159  armour:adaptive weapon:corp-smg
3434,490,41,40,40,10,3,129,20,10,4,64159,900034,901014,PG 3400 Grunt Captain PL 15  eff:64159  armour:adaptive weapon:corp-smg
3435,530,43,40,40,11,3,132,20,10,4,64159,900035,901015,PG 3400 Grunt Captain PL 16  eff:64159  armour:adaptive weapon:corp-smg
3436,570,46,40,40,12,3,134,20,10,5,64159,900036,901016,PG 3400 Grunt Captain PL 17  eff:64159  armour:adaptive weapon:corp-smg
3437,620,48,40,40,12,3,137,20,10,5,64159,900037,901017,PG 3400 Grunt Captain PL 18  eff:64159  armour:adaptive weapon:corp-smg
3438,670,50,40,40,13,3,140,20,10,5,64159,900038,901018,PG 3400 Grunt Captain PL 19  eff:64159  armour:adaptive weapon:corp-smg
3439,720,52,40,40,14,3,143,20,10,5,64159,900039,901019,PG 3400 Grunt Captain PL 20  eff:64159  armour:adaptive weapon:corp-smg
3500,150,10,40,20,0,3,90,18,10,1,,23011,22000,PG 3500 Patchmax PL 1  eff:0  armour:guard-standard weapon:corp-smg
3501,170,12,40,20,1,3,90,18,10,1,,23012,22001,PG 3500 Patchmax PL 2  eff:0  armour:guard-standard weapon:corp-smg
3502,190,14,40,20,1,3,95,18,10,1,,23013,22002,PG 3500 Patchmax PL 3  eff:0  armour:guard-standard weapon:corp-smg
3503,210,16,40,20,2,3,95,18,10,2,,23014,22003,PG 3500 Patchmax PL 4  eff:0  armour:guard-standard weapon:corp-smg
3504,230,18,40,20,3,3,100,18,10,2,,23015,22004,PG 3500 Patchmax PL 5  eff:0  armour:guard-standard weapon:corp-smg
3505,250,20,40,20,3,3,100,18,10,2,,23016,22005,PG 3500 Patchmax PL 6  eff:0  armour:guard-standard weapon:corp-smg
3506,280,22,40,20,4,3,105,18,10,2,,23017,22006,PG 3500 Patchmax PL 7  eff:0  armour:guard-standard weapon:corp-smg
3507,310,24,40,20,4,3,105,18,10,3,,23018,22007,PG 3500 Patchmax PL 8  eff:0  armour:guard-standard weapon:corp-smg
3508,340,26,40,20,4,3,110,18,10,3,,23019,22008,PG 3500 Patchmax PL 9  eff:0  armour:guard-standard weapon:corp-smg
3509,370,30,40,20,5,3,115,18,10,3,,23020,22009,PG 3500 Patchmax PL 10  eff:0  armour:guard-standard weapon:corp-smg
3510,400,32,40,20,6,3,118,18,10,3,,900030,22010,PG 3500 Patchmax PL 11  eff:0  armour:guard-standard weapon:corp-smg
3511,430,34,40,20,6,3,121,18,10,3,,900031,22011,PG 3500 Patchmax PL 12  eff:0  armour:guard-standard weapon:corp-smg
3512,460,37,40,20,7,3,123,18,10,4,,900032,22012,PG 3500 Patchmax PL 13  eff:0  armour:guard-standard weapon:corp-smg
3513,500,39,40,20,7,3,126,18,10,4,,900033,22013,PG 3500 Patchmax PL 14  eff:0  armour:guard-standard weapon:corp-smg
3514,530,41,40,20,8,3,129,18,10,4,,900034,22014,PG 3500 Patchmax PL 15  eff:0  armour:guard-standard weapon:corp-smg
3515,560,43,40,20,8,3,132,18,10,4,,900035,22015,PG 3500 Patchmax PL 16  eff:0  armour:guard-standard weapon:corp-smg
3516,590,46,40,20,9,3,134,18,10,5,,900036,22016,PG 3500 Patchmax PL 17  eff:0  armour:guard-standard weapon:corp-smg
3517,630,48,40,20,9,3,137,18,10,5,,900037,22017,PG 3500 Patchmax PL 18  eff:0  armour:guard-standard weapon:corp-smg
3518,660,50,40,20,10,3,140,18,10,5,,900038,22018,PG 3500 Patchmax PL 19  eff:0  armour:guard-standard weapon:corp-smg
3519,690,52,40,20,11,3,143,18,10,5,,900039,22019,PG 3500 Patchmax PL 20  eff:0  armour:guard-standard weapon:corp-smg
3520,150,10,40,20,0,3,90,18,10,1,,23030,22000,PG 3520 F-Duster PL 1  eff:0  armour:guard-standard weapon:bullpup
3521,170,10,40,20,1,3,90,18,10,1,,23030,22001,PG 3520 F-Duster PL 2  eff:0  armour:guard-standard weapon:bullpup
3522,190,12,40,20,1,3,90,18,10,1,,23031,22002,PG 3520 F-Duster PL 3  eff:0  armour:guard-standard weapon:bullpup
3523,210,14,40,20,2,3,95,18,10,1,,23032,22003,PG 3520 F-Duster PL 4  eff:0  armour:guard-standard weapon:bullpup
3524,230,16,40,20,3,3,95,18,10,1,,23033,22004,PG 3520 F-Duster PL 5  eff:0  armour:guard-standard weapon:bullpup
3525,250,18,40,20,3,3,100,18,10,2,,23034,22005,PG 3520 F-Duster PL 6  eff:0  armour:guard-standard weapon:bullpup
3526,280,18,40,20,4,3,100,18,10,2,,23034,22006,PG 3520 F-Duster PL 7  eff:0  armour:guard-standard weapon:bullpup
3527,310,20,40,20,4,3,100,18,10,2,,23035,22007,PG 3520 F-Duster PL 8  eff:0  armour:guard-standard weapon:bullpup
3528,340,22,40,20,4,3,105,18,10,2,,23036,22008,PG 3520 F-Duster PL 9  eff:0  armour:guard-standard weapon:bullpup
3529,370,24,40,20,5,3,105,18,10,3,,23037,22009,PG 3520 F-Duster PL 10  eff:0  armour:guard-standard weapon:bullpup
3530,400,26,40,20,6,3,110,18,10,3,,23040,22010,PG 3520 F-Duster PL 11  eff:0  armour:guard-standard weapon:bullpup
3531,430,30,40,20,6,3,115,18,10,3,,23041,22011,PG 3520 F-Duster PL 12  eff:0  armour:guard-standard weapon:bullpup
3532,460,30,40,20,7,3,115,18,10,4,,23042,22012,PG 3520 F-Duster PL 13  eff:0  armour:guard-standard weapon:bullpup
3533,500,30,40,20,7,3,115,18,10,4,,23043,22013,PG 3520 F-Duster PL 14  eff:0  armour:guard-standard weapon:bullpup
3534,530,32,40,20,8,3,115,18,10,4,,23044,22014,PG 3520 F-Duster PL 15  eff:0  armour:guard-standard weapon:bullpup
3535,560,33,40,20,8,3,115,18,10,4,,23045,22015,PG 3520 F-Duster PL 16  eff:0  armour:guard-standard weapon:bullpup
3536,590,35,40,20,9,3,117,18,10,5,,23046,22016,PG 3520 F-Duster PL 17  eff:0  armour:guard-standard weapon:bullpup
3537,630,36,40,20,9,3,118,18,10,5,,23047,22017,PG 3520 F-Duster PL 18  eff:0  armour:guard-standard weapon:bullpup
3538,660,38,40,20,10,3,120,18,10,5,,23048,22018,PG 3520 F-Duster PL 19  eff:0  armour:guard-standard weapon:bullpup
3539,690,40,40,20,11,3,122,18,10,5,,23049,22019,PG 3520 F-Duster PL 20  eff:0  armour:guard-standard weapon:bullpup
3540,150,20,40,20,0,3,90,18,10,1,,22000,22000,PG 3540 Bulwark PL 1  eff:0  armour:guard-standard weapon:shotgun
3541,170,20,40,20,1,3,90,18,10,1,,22000,22001,PG 3540 Bulwark PL 2  eff:0  armour:guard-standard weapon:shotgun
3542,190,23,40,20,1,3,90,18,10,1,,22001,22002,PG 3540 Bulwark PL 3  eff:0  armour:guard-standard weapon:shotgun
3543,210,26,40,20,2,3,95,18,10,1,,22002,22003,PG 3540 Bulwark PL 4  eff:0  armour:guard-standard weapon:shotgun
3544,230,29,40,20,3,3,95,18,10,1,,22003,22004,PG 3540 Bulwark PL 5  eff:0  armour:guard-standard weapon:shotgun
3545,250,32,40,20,3,3,100,18,10,1,,22004,22005,PG 3540 Bulwark PL 6  eff:0  armour:guard-standard weapon:shotgun
3546,280,32,40,20,4,3,100,18,10,1,,22004,22006,PG 3540 Bulwark PL 7  eff:0  armour:guard-standard weapon:shotgun
3547,310,35,40,20,4,3,100,18,10,2,,22005,22007,PG 3540 Bulwark PL 8  eff:0  armour:guard-standard weapon:shotgun
3548,340,38,40,20,4,3,105,18,10,2,,22006,22008,PG 3540 Bulwark PL 9  eff:0  armour:guard-standard weapon:shotgun
3549,370,40,40,20,5,3,105,18,10,2,,22007,22009,PG 3540 Bulwark PL 10  eff:0  armour:guard-standard weapon:shotgun
3550,400,42,40,20,6,3,110,18,10,2,,22010,22010,PG 3540 Bulwark PL 11  eff:0  armour:guard-standard weapon:shotgun
3551,430,44,40,20,6,3,115,18,10,2,,22011,22011,PG 3540 Bulwark PL 12  eff:0  armour:guard-standard weapon:shotgun
3552,460,47,40,20,7,3,115,18,10,2,,22012,22012,PG 3540 Bulwark PL 13  eff:0  armour:guard-standard weapon:shotgun
3553,500,49,40,20,7,3,115,18,10,2,,22013,22013,PG 3540 Bulwark PL 14  eff:0  armour:guard-standard weapon:shotgun
3554,530,51,40,20,8,3,115,18,10,3,,22014,22014,PG 3540 Bulwark PL 15  eff:0  armour:guard-standard weapon:shotgun
3555,560,53,40,20,8,3,115,18,10,3,,22015,22015,PG 3540 Bulwark PL 16  eff:0  armour:guard-standard weapon:shotgun
3556,590,56,40,20,9,3,117,18,10,3,,22016,22016,PG 3540 Bulwark PL 17  eff:0  armour:guard-standard weapon:shotgun
3557,630,58,40,20,9,3,118,18,10,3,,22017,22017,PG 3540 Bulwark PL 18  eff:0  armour:guard-standard weapon:shotgun
3558,660,60,40,20,10,3,120,18,10,3,,22018,22018,PG 3540 Bulwark PL 19  eff:0  armour:guard-standard weapon:shotgun
3559,690,62,40,20,11,3,122,18,10,3,,22019,22019,PG 3540 Bulwark PL 20  eff:0  armour:guard-standard weapon:shotgun
3600,150,10,40,20,1,1,90,18,10,1,64108,23001,22000,PG 3600 Grayblur PL 1  eff:64108  armour:guard-standard weapon:street-smg
3601,160,12,40,20,1,1,90,18,10,1,64108,23002,22001,PG 3600 Grayblur PL 2  eff:64108  armour:guard-standard weapon:street-smg
3602,170,14,40,20,2,1,95,18,10,1,64109,23003,22002,PG 3600 Grayblur PL 3  eff:64109  armour:guard-standard weapon:street-smg
3603,180,16,40,20,2,1,95,18,10,2,64109,23004,22003,PG 3600 Grayblur PL 4  eff:64109  armour:guard-standard weapon:street-smg
3604,190,18,40,20,3,1,100,18,10,2,64110,23005,22004,PG 3600 Grayblur PL 5  eff:64110  armour:guard-standard weapon:street-smg
3605,200,20,40,20,4,1,100,18,10,2,64110,23006,22005,PG 3600 Grayblur PL 6  eff:64110  armour:guard-standard weapon:street-smg
3606,210,22,40,20,5,1,105,18,10,2,64109,23007,22006,PG 3600 Grayblur PL 7  eff:64109  armour:guard-standard weapon:street-smg
3607,230,24,40,20,6,1,105,18,10,3,64109,23008,22007,PG 3600 Grayblur PL 8  eff:64109  armour:guard-standard weapon:street-smg
3608,250,26,40,20,6,1,110,18,10,3,64110,23009,22008,PG 3600 Grayblur PL 9  eff:64110  armour:guard-standard weapon:street-smg
3609,270,30,40,20,7,1,115,18,10,3,64110,23010,22009,PG 3600 Grayblur PL 10  eff:64110  armour:guard-standard weapon:street-smg
3610,290,32,40,20,8,1,118,18,10,3,64110,900020,22010,PG 3600 Grayblur PL 11  eff:64108  armour:guard-standard weapon:street-smg
3611,310,34,40,20,8,1,121,18,10,3,64110,900021,22011,PG 3600 Grayblur PL 12  eff:64108  armour:guard-standard weapon:street-smg
3612,330,37,40,20,9,1,123,18,10,4,64110,900022,22012,PG 3600 Grayblur PL 13  eff:64109  armour:guard-standard weapon:street-smg
3613,350,39,40,20,10,1,126,18,10,4,64110,900023,22013,PG 3600 Grayblur PL 14  eff:64109  armour:guard-standard weapon:street-smg
3614,370,41,40,20,10,1,129,18,10,4,64110,900024,22014,PG 3600 Grayblur PL 15  eff:64110  armour:guard-standard weapon:street-smg
3615,390,43,40,20,11,1,132,18,10,4,64110,900025,22015,PG 3600 Grayblur PL 16  eff:64110  armour:guard-standard weapon:street-smg
3616,410,46,40,20,12,1,134,18,10,5,64110,900026,22016,PG 3600 Grayblur PL 17  eff:64109  armour:guard-standard weapon:street-smg
3617,440,48,40,20,12,1,137,18,10,5,64110,900027,22017,PG 3600 Grayblur PL 18  eff:64109  armour:guard-standard weapon:street-smg
3618,480,50,40,20,13,1,140,18,10,5,64110,900028,22018,PG 3600 Grayblur PL 19  eff:64110  armour:guard-standard weapon:street-smg
3619,520,52,40,20,14,1,143,18,10,5,64110,900029,22019,PG 3600 Grayblur PL 20  eff:64110  armour:guard-standard weapon:street-smg
3650,150,10,40,20,0,3,90,18,10,1,64134,23030,901000,PG 3650 Wildfire PL 1  eff:64134  armour:adaptive weapon:bullpup
3651,170,12,40,20,1,3,90,18,10,1,64134,23031,901001,PG 3650 Wildfire PL 2  eff:64134  armour:adaptive weapon:bullpup
3652,190,14,40,20,1,3,95,18,10,1,64134,23032,901002,PG 3650 Wildfire PL 3  eff:64134  armour:adaptive weapon:bullpup
3653,210,16,40,20,2,3,95,18,10,1,64134,23033,901003,PG 3650 Wildfire PL 4  eff:64134  armour:adaptive weapon:bullpup
3654,230,18,40,20,3,3,100,18,10,2,64134,23034,901004,PG 3650 Wildfire PL 5  eff:64134  armour:adaptive weapon:bullpup
3655,250,20,40,20,3,3,100,18,10,2,64134,23035,901005,PG 3650 Wildfire PL 6  eff:64134  armour:adaptive weapon:bullpup
3656,280,22,40,20,4,3,105,18,10,2,64134,23036,901006,PG 3650 Wildfire PL 7  eff:64134  armour:adaptive weapon:bullpup
3657,310,24,40,20,4,3,105,18,10,3,64134,23037,901007,PG 3650 Wildfire PL 8  eff:64134  armour:adaptive weapon:bullpup
3658,340,26,40,20,4,3,110,18,10,3,64134,23038,901008,PG 3650 Wildfire PL 9  eff:64134  armour:adaptive weapon:bullpup
3659,370,30,40,20,5,3,115,18,10,3,64134,23039,901009,PG 3650 Wildfire PL 10  eff:64134  armour:adaptive weapon:bullpup
3660,400,32,40,20,6,3,118,18,10,3,64134,23040,901010,PG 3650 Wildfire PL 11  eff:64134  armour:adaptive weapon:bullpup
3661,430,34,40,20,6,3,121,18,10,3,64134,23041,901011,PG 3650 Wildfire PL 12  eff:64134  armour:adaptive weapon:bullpup
3662,460,37,40,20,7,3,123,18,10,4,64134,23042,901012,PG 3650 Wildfire PL 13  eff:64134  armour:adaptive weapon:bullpup
3663,500,39,40,20,7,3,126,18,10,4,64134,23043,901013,PG 3650 Wildfire PL 14  eff:64134  armour:adaptive weapon:bullpup
3664,530,41,40,20,8,3,129,18,10,4,64134,23044,901014,PG 3650 Wildfire PL 15  eff:64134  armour:adaptive weapon:bullpup
3665,560,43,40,20,8,3,132,18,10,4,64134,23045,901015,PG 3650 Wildfire PL 16  eff:64134  armour:adaptive weapon:bullpup
3666,590,46,40,20,9,3,134,18,10,5,64134,23046,901016,PG 3650 Wildfire PL 17  eff:64134  armour:adaptive weapon:bullpup
3667,630,48,40,20,9,3,137,18,10,5,64134,23047,901017,PG 3650 Wildfire PL 18  eff:64134  armour:adaptive weapon:bullpup
3668,660,50,40,20,10,3,140,18,10,5,64134,23048,901018,PG 3650 Wildfire PL 19  eff:64134  armour:adaptive weapon:bullpup
3669,690,52,40,20,11,3,143,18,10,5,64134,23049,901019,PG 3650 Wildfire PL 20  eff:64134  armour:adaptive weapon:bullpup
3700,150,10,40,20,0,3,90,18,10,1,,23001,901000,PG 3700 Slagga PL 1  eff:0  armour:adaptive weapon:street-smg
3701,170,12,40,20,1,3,90,18,10,1,,23002,901001,PG 3700 Slagga PL 2  eff:0  armour:adaptive weapon:street-smg
3702,190,14,40,20,1,3,95,18,10,1,,23003,901002,PG 3700 Slagga PL 3  eff:0  armour:adaptive weapon:street-smg
3703,210,16,40,20,2,3,95,18,10,2,,23004,901003,PG 3700 Slagga PL 4  eff:0  armour:adaptive weapon:street-smg
3704,230,18,40,20,3,3,100,18,10,2,,23005,901004,PG 3700 Slagga PL 5  eff:0  armour:adaptive weapon:street-smg
3705,250,20,40,20,3,3,100,18,10,2,,23006,901005,PG 3700 Slagga PL 6  eff:0  armour:adaptive weapon:street-smg
3706,280,22,40,20,4,3,105,18,10,2,,23007,901006,PG 3700 Slagga PL 7  eff:0  armour:adaptive weapon:street-smg
3707,310,24,40,20,4,3,105,18,10,3,,23008,901007,PG 3700 Slagga PL 8  eff:0  armour:adaptive weapon:street-smg
3708,340,26,40,20,4,3,110,18,10,3,,23009,901008,PG 3700 Slagga PL 9  eff:0  armour:adaptive weapon:street-smg
3709,370,30,40,20,5,3,115,18,10,3,,23010,901009,PG 3700 Slagga PL 10  eff:0  armour:adaptive weapon:street-smg
3710,400,32,40,20,6,3,118,18,10,3,,900020,901010,PG 3700 Slagga PL 11  eff:0  armour:adaptive weapon:street-smg
3711,430,34,40,20,6,3,121,18,10,3,,900021,901011,PG 3700 Slagga PL 12  eff:0  armour:adaptive weapon:street-smg
3712,460,37,40,20,7,3,123,18,10,4,,900022,901012,PG 3700 Slagga PL 13  eff:0  armour:adaptive weapon:street-smg
3713,500,39,40,20,7,3,126,18,10,4,,900023,901013,PG 3700 Slagga PL 14  eff:0  armour:adaptive weapon:street-smg
3714,530,41,40,20,8,3,129,18,10,4,,900024,901014,PG 3700 Slagga PL 15  eff:0  armour:adaptive weapon:street-smg
3715,560,43,40,20,8,3,132,18,10,4,,900025,901015,PG 3700 Slagga PL 16  eff:0  armour:adaptive weapon:street-smg
3716,590,46,40,20,9,3,134,18,10,5,,900026,901016,PG 3700 Slagga PL 17  eff:0  armour:adaptive weapon:street-smg
3717,630,48,40,20,9,3,137,18,10,5,,900027,901017,PG 3700 Slagga PL 18  eff:0  armour:adaptive weapon:street-smg
3718,660,50,40,20,10,3,140,18,10,5,,900028,901018,PG 3700 Slagga PL 19  eff:0  armour:adaptive weapon:street-smg
3719,690,52,40,20,11,3,143,18,10,5,,900029,901019,PG 3700 Slagga PL 20  eff:0  armour:adaptive weapon:street-smg
3720,150,10,40,20,0,3,90,18,10,1,64149,23001,901000,PG 3720 Detonator PL 1  eff:64149  armour:adaptive weapon:street-smg
3721,170,12,40,20,1,3,90,18,10,1,64149,23002,901001,PG 3720 Detonator PL 2  eff:64149  armour:adaptive weapon:street-smg
3722,190,14,40,20,1,3,95,18,10,1,64149,23003,901002,PG 3720 Detonator PL 3  eff:64149  armour:adaptive weapon:street-smg
3723,210,16,40,20,2,3,95,18,10,2,64149,23004,901003,PG 3720 Detonator PL 4  eff:64149  armour:adaptive weapon:street-smg
3724,230,18,40,20,3,3,100,18,10,2,64149,23005,901004,PG 3720 Detonator PL 5  eff:64149  armour:adaptive weapon:street-smg
3725,250,20,40,20,3,3,100,18,10,2,64149,23006,901005,PG 3720 Detonator PL 6  eff:64149  armour:adaptive weapon:street-smg
3726,280,22,40,20,4,3,105,18,10,2,64149,23007,901006,PG 3720 Detonator PL 7  eff:64149  armour:adaptive weapon:street-smg
3727,310,24,40,20,4,3,105,18,10,3,64149,23008,901007,PG 3720 Detonator PL 8  eff:64149  armour:adaptive weapon:street-smg
3728,340,26,40,20,4,3,110,18,10,3,64149,23009,901008,PG 3720 Detonator PL 9  eff:64149  armour:adaptive weapon:street-smg
3729,370,30,40,20,5,3,115,18,10,3,64149,23010,901009,PG 3720 Detonator PL 10  eff:64149  armour:adaptive weapon:street-smg
3730,400,32,40,20,6,3,118,18,10,3,64149,900020,901010,PG 3720 Detonator PL 11  eff:64149  armour:adaptive weapon:street-smg
3731,430,34,40,20,6,3,121,18,10,3,64149,900021,901011,PG 3720 Detonator PL 12  eff:64149  armour:adaptive weapon:street-smg
3732,460,37,40,20,7,3,123,18,10,4,64149,900022,901012,PG 3720 Detonator PL 13  eff:64149  armour:adaptive weapon:street-smg
3733,500,39,40,20,7,3,126,18,10,4,64149,900023,901013,PG 3720 Detonator PL 14  eff:64149  armour:adaptive weapon:street-smg
3734,530,41,40,20,8,3,129,18,10,4,64149,900024,901014,PG 3720 Detonator PL 15  eff:64149  armour:adaptive weapon:street-smg
3735,560,43,40,20,8,3,132,18,10,4,64149,900025,901015,PG 3720 Detonator PL 16  eff:64149  armour:adaptive weapon:street-smg
3736,590,46,40,20,9,3,134,18,10,5,64149,900026,901016,PG 3720 Detonator PL 17  eff:64149  armour:adaptive weapon:street-smg
3737,630,48,40,20,9,3,137,18,10,5,64149,900027,901017,PG 3720 Detonator PL 18  eff:64149  armour:adaptive weapon:street-smg
3738,660,50,40,20,10,3,140,18,10,5,64149,900028,901018,PG 3720 Detonator PL 19  eff:64149  armour:adaptive weapon:street-smg
3739,690,52,40,20,11,3,143,18,10,5,64149,900029,901019,PG 3720 Detonator PL 20  eff:64149  armour:adaptive weapon:street-smg
3740,150,10,40,20,0,3,90,18,10,1,,23001,901000,PG 3740 Brutewain PL 1  eff:0  armour:adaptive weapon:street-smg
3741,170,12,40,20,1,3,90,18,10,1,,23002,901001,PG 3740 Brutewain PL 2  eff:0  armour:adaptive weapon:street-smg
3742,190,14,40,20,1,3,95,18,10,1,,23003,901002,PG 3740 Brutewain PL 3  eff:0  armour:adaptive weapon:street-smg
3743,210,16,40,20,2,3,95,18,10,2,,23004,901003,PG 3740 Brutewain PL 4  eff:0  armour:adaptive weapon:street-smg
3744,230,18,40,20,3,3,100,18,10,2,,23005,901004,PG 3740 Brutewain PL 5  eff:0  armour:adaptive weapon:street-smg
3745,250,20,40,20,3,3,100,18,10,2,,23006,901005,PG 3740 Brutewain PL 6  eff:0  armour:adaptive weapon:street-smg
3746,280,22,40,20,4,3,105,18,10,2,,23007,901006,PG 3740 Brutewain PL 7  eff:0  armour:adaptive weapon:street-smg
3747,310,24,40,20,4,3,105,18,10,3,,23008,901007,PG 3740 Brutewain PL 8  eff:0  armour:adaptive weapon:street-smg
3748,340,26,40,20,4,3,110,18,10,3,,23009,901008,PG 3740 Brutewain PL 9  eff:0  armour:adaptive weapon:street-smg
3749,370,30,40,20,5,3,115,18,10,3,,23010,901009,PG 3740 Brutewain PL 10  eff:0  armour:adaptive weapon:street-smg
3750,400,32,40,20,6,3,118,18,10,3,,900020,901010,PG 3740 Brutewain PL 11  eff:0  armour:adaptive weapon:street-smg
3751,430,34,40,20,6,3,121,18,10,3,,900021,901011,PG 3740 Brutewain PL 12  eff:0  armour:adaptive weapon:street-smg
3752,460,37,40,20,7,3,123,18,10,4,,900022,901012,PG 3740 Brutewain PL 13  eff:0  armour:adaptive weapon:street-smg
3753,500,39,40,20,7,3,126,18,10,4,,900023,901013,PG 3740 Brutewain PL 14  eff:0  armour:adaptive weapon:street-smg
3754,530,41,40,20,8,3,129,18,10,4,,900024,901014,PG 3740 Brutewain PL 15  eff:0  armour:adaptive weapon:street-smg
3755,560,43,40,20,8,3,132,18,10,4,,900025,901015,PG 3740 Brutewain PL 16  eff:0  armour:adaptive weapon:street-smg
3756,590,46,40,20,9,3,134,18,10,5,,900026,901016,PG 3740 Brutewain PL 17  eff:0  armour:adaptive weapon:street-smg
3757,630,48,40,20,9,3,137,18,10,5,,900027,901017,PG 3740 Brutewain PL 18  eff:0  armour:adaptive weapon:street-smg
3758,660,50,40,20,10,3,140,18,10,5,,900028,901018,PG 3740 Brutewain PL 19  eff:0  armour:adaptive weapon:street-smg
3759,690,52,40,20,11,3,143,18,10,5,,900029,901019,PG 3740 Brutewain PL 20  eff:0  armour:adaptive weapon:street-smg
4000,150,20,40,20,1,1,120,20,10,1,,23050,22000,PG 4000 Whistler PL 1  eff:0  armour:guard-standard weapon:whistlelit
4001,160,23,40,20,1,1,120,20,10,1,,23051,22001,PG 4000 Whistler PL 2  eff:0  armour:guard-standard weapon:whistlelit
4002,170,26,40,20,2,1,120,20,10,1,,23052,22002,PG 4000 Whistler PL 3  eff:0  armour:guard-standard weapon:whistlelit
4003,180,29,40,20,2,1,130,20,10,2,,23053,22003,PG 4000 Whistler PL 4  eff:0  armour:guard-standard weapon:whistlelit
4004,190,32,40,20,3,1,130,20,10,2,,23054,22004,PG 4000 Whistler PL 5  eff:0  armour:guard-standard weapon:whistlelit
4005,200,35,40,20,4,1,140,20,10,2,,23055,22005,PG 4000 Whistler PL 6  eff:0  armour:guard-standard weapon:whistlelit
4006,210,38,40,20,5,1,140,20,10,2,,23056,22006,PG 4000 Whistler PL 7  eff:0  armour:guard-standard weapon:whistlelit
4007,230,40,40,20,6,1,160,20,10,3,,23057,22007,PG 4000 Whistler PL 8  eff:0  armour:guard-standard weapon:whistlelit
4008,250,40,40,20,6,1,160,20,10,3,,23058,22008,PG 4000 Whistler PL 9  eff:0  armour:guard-standard weapon:whistlelit
4009,270,40,40,20,7,1,180,20,10,3,,23059,22009,PG 4000 Whistler PL 10  eff:0  armour:guard-standard weapon:whistlelit
4010,290,42,40,20,8,1,187,20,10,3,,900040,22010,PG 4000 Whistler PL 11  eff:0  armour:guard-standard weapon:whistlelit
4011,310,44,40,20,8,1,193,20,10,3,,900041,22011,PG 4000 Whistler PL 12  eff:0  armour:guard-standard weapon:whistlelit
4012,330,47,40,20,9,1,200,20,10,4,,900042,22012,PG 4000 Whistler PL 13  eff:0  armour:guard-standard weapon:whistlelit
4013,350,49,40,20,10,1,207,20,10,4,,900043,22013,PG 4000 Whistler PL 14  eff:0  armour:guard-standard weapon:whistlelit
4014,370,51,40,20,10,1,213,20,10,4,,900044,22014,PG 4000 Whistler PL 15  eff:0  armour:guard-standard weapon:whistlelit
4015,390,53,40,20,11,1,220,20,10,4,,900045,22015,PG 4000 Whistler PL 16  eff:0  armour:guard-standard weapon:whistlelit
4016,410,56,40,20,12,1,227,20,10,5,,900046,22016,PG 4000 Whistler PL 17  eff:0  armour:guard-standard weapon:whistlelit
4017,440,58,40,20,12,1,233,20,10,5,,900047,22017,PG 4000 Whistler PL 18  eff:0  armour:guard-standard weapon:whistlelit
4018,480,60,40,20,13,1,240,20,10,5,,900048,22018,PG 4000 Whistler PL 19  eff:0  armour:guard-standard weapon:whistlelit
4019,520,62,40,20,14,1,247,20,10,5,,900049,22019,PG 4000 Whistler PL 20  eff:0  armour:guard-standard weapon:whistlelit
4100,225,15,40,20,1,1,90,18,10,1,,900190,901000,PG 4100 Shocktop PL 1  eff:0  armour:adaptive weapon:shock
4101,240,17,40,20,1,1,90,18,10,1,,900191,901001,PG 4100 Shocktop PL 2  eff:0  armour:adaptive weapon:shock
4102,250,19,40,20,2,1,90,18,10,1,,900192,901002,PG 4100 Shocktop PL 3  eff:0  armour:adaptive weapon:shock
4103,270,21,40,20,2,1,90,18,10,2,,900193,901003,PG 4100 Shocktop PL 4  eff:0  armour:adaptive weapon:shock
4104,290,23,40,20,3,1,90,18,10,2,,900194,901004,PG 4100 Shocktop PL 5  eff:0  armour:adaptive weapon:shock
4105,310,25,40,20,4,1,90,18,10,2,,900195,901005,PG 4100 Shocktop PL 6  eff:0  armour:adaptive weapon:shock
4106,330,30,40,20,5,1,90,18,10,2,,900196,901006,PG 4100 Shocktop PL 7  eff:0  armour:adaptive weapon:shock
4107,350,35,40,20,6,1,90,18,10,2,,900197,901007,PG 4100 Shocktop PL 8  eff:0  armour:adaptive weapon:shock
4108,370,40,40,20,6,1,90,18,10,2,,900198,901008,PG 4100 Shocktop PL 9  eff:0  armour:adaptive weapon:shock
4109,390,45,40,20,7,1,90,18,10,2,,900199,901009,PG 4100 Shocktop PL 10  eff:0  armour:adaptive weapon:shock
4110,328,15,40,30,2,2,90,20,10,1,64149,23070,901020,PG 4110 Bloodright PL 1  eff:64149  armour:heavy weapon:high-dmg-ar
4111,369,17,40,30,2,2,90,20,10,1,64149,23071,901021,PG 4110 Bloodright PL 2  eff:64149  armour:heavy weapon:high-dmg-ar
4112,410,19,40,30,3,2,90,20,10,1,64149,23072,901022,PG 4110 Bloodright PL 3  eff:64149  armour:heavy weapon:high-dmg-ar
4113,459,21,40,30,3,3,90,20,10,2,64149,23073,901023,PG 4110 Bloodright PL 4  eff:64149  armour:heavy weapon:high-dmg-ar
4114,525,23,40,30,4,3,90,20,10,2,64149,23074,901024,PG 4110 Bloodright PL 5  eff:64149  armour:heavy weapon:high-dmg-ar
4115,599,25,40,30,4,4,90,20,10,2,64149,23075,901025,PG 4110 Bloodright PL 6  eff:64149  armour:heavy weapon:high-dmg-ar
4116,681,30,40,30,5,4,90,20,10,2,64149,23076,901026,PG 4110 Bloodright PL 7  eff:64149  armour:heavy weapon:high-dmg-ar
4117,779,35,40,30,6,4,90,20,10,3,64149,23077,901027,PG 4110 Bloodright PL 8  eff:64149  armour:heavy weapon:high-dmg-ar
4118,886,40,40,30,7,4,90,20,10,3,64149,23078,901028,PG 4110 Bloodright PL 9  eff:64149  armour:heavy weapon:high-dmg-ar
4119,1009,45,40,30,7,4,90,20,10,3,64149,23079,901029,PG 4110 Bloodright PL 10  eff:64149  armour:heavy weapon:high-dmg-ar
4120,1132,48,40,30,8,4,90,20,10,3,64149,900060,901030,PG 4110 Bloodright PL 11  eff:64149  armour:heavy weapon:high-dmg-ar
4121,1271,52,40,30,8,4,90,20,10,3,64149,900061,901031,PG 4110 Bloodright PL 12  eff:64149  armour:heavy weapon:high-dmg-ar
4122,1427,55,40,30,9,5,90,20,10,4,64149,900062,901032,PG 4110 Bloodright PL 13  eff:64149  armour:heavy weapon:high-dmg-ar
4123,1599,58,40,30,9,5,90,20,10,4,64149,900063,901033,PG 4110 Bloodright PL 14  eff:64149  armour:heavy weapon:high-dmg-ar
4124,1788,62,40,30,10,5,90,20,10,4,64149,900064,901034,PG 4110 Bloodright PL 15  eff:64149  armour:heavy weapon:high-dmg-ar
4125,2001,65,40,30,10,5,90,20,10,4,64149,900065,901035,PG 4110 Bloodright PL 16  eff:64149  armour:heavy weapon:high-dmg-ar
4126,2239,68,40,30,11,6,90,20,10,5,64149,900066,901036,PG 4110 Bloodright PL 17  eff:64149  armour:heavy weapon:high-dmg-ar
4127,2509,72,40,30,11,6,90,20,10,5,64149,900067,901037,PG 4110 Bloodright PL 18  eff:64149  armour:heavy weapon:high-dmg-ar
4128,2813,75,40,30,12,6,90,20,10,5,64149,900068,901038,PG 4110 Bloodright PL 19  eff:64149  armour:heavy weapon:high-dmg-ar
4129,3149,78,40,30,13,6,90,20,10,5,64149,900069,901039,PG 4110 Bloodright PL 20  eff:64149  armour:heavy weapon:high-dmg-ar
4130,410,48,40,20,8,1,90,18,10,2,,900120,901010,PG 4100 Shocktop PL 11  eff:0  armour:adaptive weapon:shock
4131,430,52,40,20,8,1,90,18,10,2,,900121,901011,PG 4100 Shocktop PL 12  eff:0  armour:adaptive weapon:shock
4132,460,55,40,20,9,1,90,18,10,2,,900122,901012,PG 4100 Shocktop PL 13  eff:0  armour:adaptive weapon:shock
4133,490,58,40,20,10,1,90,18,10,2,,900123,901013,PG 4100 Shocktop PL 14  eff:0  armour:adaptive weapon:shock
4134,520,62,40,20,10,1,90,18,10,3,,900124,901014,PG 4100 Shocktop PL 15  eff:0  armour:adaptive weapon:shock
4135,550,65,40,20,11,1,90,18,10,3,,900125,901015,PG 4100 Shocktop PL 16  eff:0  armour:adaptive weapon:shock
4136,580,68,40,20,12,1,90,18,10,3,,900126,901016,PG 4100 Shocktop PL 17  eff:0  armour:adaptive weapon:shock
4137,610,72,40,20,12,1,90,18,10,3,,900127,901017,PG 4100 Shocktop PL 18  eff:0  armour:adaptive weapon:shock
4138,650,75,40,20,13,1,90,18,10,3,,900128,901018,PG 4100 Shocktop PL 19  eff:0  armour:adaptive weapon:shock
4139,690,78,40,20,14,1,90,18,10,3,,900129,901019,PG 4100 Shocktop PL 20  eff:0  armour:adaptive weapon:shock
4150,150,10,40,20,0,1,90,18,10,1,,23030,22000,PG 4150 Blooder PL 1  eff:0  armour:guard-standard weapon:bullpup
4151,170,12,40,20,1,1,90,18,10,1,,23031,22001,PG 4150 Blooder PL 2  eff:0  armour:guard-standard weapon:bullpup
4152,190,14,40,20,1,1,95,18,10,1,,23032,22002,PG 4150 Blooder PL 3  eff:0  armour:guard-standard weapon:bullpup
4153,210,16,40,20,2,1,95,18,10,1,,23033,22003,PG 4150 Blooder PL 4  eff:0  armour:guard-standard weapon:bullpup
4154,230,18,40,20,3,1,100,18,10,2,,23034,22004,PG 4150 Blooder PL 5  eff:0  armour:guard-standard weapon:bullpup
4155,250,20,40,20,3,1,100,18,10,2,,23035,22005,PG 4150 Blooder PL 6  eff:0  armour:guard-standard weapon:bullpup
4156,280,22,40,20,4,1,105,18,10,2,,23036,22006,PG 4150 Blooder PL 7  eff:0  armour:guard-standard weapon:bullpup
4157,310,24,40,20,4,1,105,18,10,3,,23037,22007,PG 4150 Blooder PL 8  eff:0  armour:guard-standard weapon:bullpup
4158,340,26,40,20,4,1,110,18,10,3,,23038,22008,PG 4150 Blooder PL 9  eff:0  armour:guard-standard weapon:bullpup
4159,370,30,40,20,5,1,115,18,10,3,,23039,22009,PG 4150 Blooder PL 10  eff:0  armour:guard-standard weapon:bullpup
4160,400,32,40,20,6,1,118,18,10,3,,23040,22010,PG 4150 Blooder PL 11  eff:0  armour:guard-standard weapon:bullpup
4161,430,34,40,20,6,1,121,18,10,3,,23041,22011,PG 4150 Blooder PL 12  eff:0  armour:guard-standard weapon:bullpup
4162,460,37,40,20,7,1,123,18,10,4,,23042,22012,PG 4150 Blooder PL 13  eff:0  armour:guard-standard weapon:bullpup
4163,500,39,40,20,7,1,126,18,10,4,,23043,22013,PG 4150 Blooder PL 14  eff:0  armour:guard-standard weapon:bullpup
4164,530,41,40,20,8,1,129,18,10,4,,23044,22014,PG 4150 Blooder PL 15  eff:0  armour:guard-standard weapon:bullpup
4165,560,43,40,20,8,1,132,18,10,4,,23045,22015,PG 4150 Blooder PL 16  eff:0  armour:guard-standard weapon:bullpup
4166,590,46,40,20,9,1,134,18,10,5,,23046,22016,PG 4150 Blooder PL 17  eff:0  armour:guard-standard weapon:bullpup
4167,630,48,40,20,9,1,137,18,10,5,,23047,22017,PG 4150 Blooder PL 18  eff:0  armour:guard-standard weapon:bullpup
4168,660,50,40,20,10,1,140,18,10,5,,23048,22018,PG 4150 Blooder PL 19  eff:0  armour:guard-standard weapon:bullpup
4169,690,52,40,20,11,1,143,18,10,5,,23049,22019,PG 4150 Blooder PL 20  eff:0  armour:guard-standard weapon:bullpup
9000,200,16,40,20,0,2,90,18,10,1,,46,22202,PG 9000 Target Dummy PL 3  eff:0
9001,200,16,40,20,0,2,90,18,10,1,,46,22202,PG 9000 Target Dummy PL 3  eff:0
9002,200,16,40,20,0,2,90,18,10,1,,46,22202,PG 9000 Target Dummy PL 3  eff:0
9003,200,16,40,20,0,2,90,18,10,1,,46,22202,PG 9003 Armored Quad PL 3  eff:0
9006,200,16,40,20,0,2,90,18,10,1,,46,22202,PG 9006 TriScout PL 3  eff:0
9007,200,16,40,20,0,2,90,18,10,1,,46,22202,PG 9007 Splinter Attack PL 3  eff:0
9008,200,16,40,20,0,2,90,18,10,1,,46,22202,PG 9008 Scanbox PL 3  eff:0
12000,225,15,40,20,0,2,90,18,10,1,,900190,22000,PG 12000 Z-Rusher PL 1  eff:0  armour:guard-standard weapon:shock
12001,240,15,40,20,1,2,90,18,10,1,,900191,22001,PG 12000 Z-Rusher PL 2  eff:0  armour:guard-standard weapon:shock
12002,250,17,40,20,1,2,90,18,10,1,,900192,22002,PG 12000 Z-Rusher PL 3  eff:0  armour:guard-standard weapon:shock
12003,270,19,40,20,2,2,90,18,10,1,,900193,22003,PG 12000 Z-Rusher PL 4  eff:0  armour:guard-standard weapon:shock
12004,290,21,40,20,3,2,90,18,10,2,,900194,22004,PG 12000 Z-Rusher PL 5  eff:0  armour:guard-standard weapon:shock
12005,310,23,40,20,3,2,90,18,10,2,,900195,22005,PG 12000 Z-Rusher PL 6  eff:0  armour:guard-standard weapon:shock
12006,330,23,40,20,4,2,90,18,10,2,,900196,22006,PG 12000 Z-Rusher PL 7  eff:0  armour:guard-standard weapon:shock
12007,350,25,40,20,4,2,90,18,10,2,,900197,22007,PG 12000 Z-Rusher PL 8  eff:0  armour:guard-standard weapon:shock
12008,370,30,40,20,4,2,90,18,10,2,,900198,22008,PG 12000 Z-Rusher PL 9  eff:0  armour:guard-standard weapon:shock
12009,390,35,40,20,5,2,90,18,10,2,,900199,22009,PG 12000 Z-Rusher PL 10  eff:0  armour:guard-standard weapon:shock
12010,200,15,40,20,0,1,90,18,10,1,,900160,22000,PG 12001 Z-Edge PL 1  eff:0  armour:guard-standard weapon:blade5
12011,210,15,40,20,1,1,90,18,10,1,,900161,22001,PG 12001 Z-Edge PL 2  eff:0  armour:guard-standard weapon:blade5
12012,220,17,40,20,1,1,90,18,10,1,,900162,22002,PG 12001 Z-Edge PL 3  eff:0  armour:guard-standard weapon:blade5
12013,230,19,40,20,2,1,90,18,10,1,,900163,22003,PG 12001 Z-Edge PL 4  eff:0  armour:guard-standard weapon:blade5
12014,250,21,40,20,3,1,90,18,10,2,,900164,22004,PG 12001 Z-Edge PL 5  eff:0  armour:guard-standard weapon:blade5
12015,270,23,40,30,3,1,90,18,10,2,,900165,22005,PG 12001 Z-Edge PL 6  eff:0  armour:guard-standard weapon:blade5
12016,290,23,40,30,4,1,90,18,10,2,,900166,22006,PG 12001 Z-Edge PL 7  eff:0  armour:guard-standard weapon:blade5
12017,310,25,40,30,4,1,90,18,10,2,,900167,22007,PG 12001 Z-Edge PL 8  eff:0  armour:guard-standard weapon:blade5
12018,330,30,40,30,4,1,90,18,10,2,,900168,22008,PG 12001 Z-Edge PL 9  eff:0  armour:guard-standard weapon:blade5
12019,360,35,40,30,5,1,90,18,10,3,,900169,22009,PG 12001 Z-Edge PL 10  eff:0  armour:guard-standard weapon:blade5
12020,380,40,40,30,6,1,90,18,10,3,,900010,22010,PG 12001 Z-Edge PL 11  eff:0  armour:guard-standard weapon:blade5
12021,400,45,40,30,6,1,90,18,10,3,,900011,22011,PG 12001 Z-Edge PL 12  eff:0  armour:guard-standard weapon:blade5
12022,420,45,40,30,7,1,90,18,10,4,,900012,22012,PG 12001 Z-Edge PL 13  eff:0  armour:guard-standard weapon:blade5
12023,450,45,40,30,7,1,90,18,10,4,,900013,22013,PG 12001 Z-Edge PL 14  eff:0  armour:guard-standard weapon:blade5
12024,490,46,40,40,8,1,90,18,10,4,,900014,22014,PG 12001 Z-Edge PL 15  eff:0  armour:guard-standard weapon:blade5
12025,530,48,40,40,8,1,90,18,10,4,,900015,22015,PG 12001 Z-Edge PL 16  eff:0  armour:guard-standard weapon:blade5
12026,570,51,40,40,9,1,90,18,10,5,,900016,22016,PG 12001 Z-Edge PL 17  eff:0  armour:guard-standard weapon:blade5
12027,620,53,40,40,9,1,90,18,10,5,,900017,22017,PG 12001 Z-Edge PL 18  eff:0  armour:guard-standard weapon:blade5
12028,670,55,40,40,10,1,90,18,10,5,,900018,22018,PG 12001 Z-Edge PL 19  eff:0  armour:guard-standard weapon:blade5
12029,720,57,40,40,11,1,90,18,10,5,,900019,22019,PG 12001 Z-Edge PL 20  eff:0  armour:guard-standard weapon:blade5
12030,410,40,40,20,6,2,90,18,10,2,,900120,22010,PG 12000 Z-Rusher PL 11  eff:0  armour:guard-standard weapon:shock
12031,430,45,40,20,6,2,90,18,10,2,,900121,22011,PG 12000 Z-Rusher PL 12  eff:0  armour:guard-standard weapon:shock
12032,460,45,40,20,7,2,90,18,10,2,,900122,22012,PG 12000 Z-Rusher PL 13  eff:0  armour:guard-standard weapon:shock
12033,490,45,40,20,7,2,90,18,10,2,,900123,22013,PG 12000 Z-Rusher PL 14  eff:0  armour:guard-standard weapon:shock
12034,520,46,40,20,8,2,90,18,10,3,,900124,22014,PG 12000 Z-Rusher PL 15  eff:0  armour:guard-standard weapon:shock
12035,550,48,40,20,8,2,90,18,10,3,,900125,22015,PG 12000 Z-Rusher PL 16  eff:0  armour:guard-standard weapon:shock
12036,580,51,40,20,9,2,90,18,10,3,,900126,22016,PG 12000 Z-Rusher PL 17  eff:0  armour:guard-standard weapon:shock
12037,610,53,40,20,9,2,90,18,10,3,,900127,22017,PG 12000 Z-Rusher PL 18  eff:0  armour:guard-standard weapon:shock
12038,650,55,40,20,10,2,90,18,10,3,,900128,22018,PG 12000 Z-Rusher PL 19  eff:0  armour:guard-standard weapon:shock
12039,690,57,40,20,11,2,90,18,10,3,,900129,22019,PG 12000 Z-Rusher PL 20  eff:0  armour:guard-standard weapon:shock
12050,150,10,40,20,0,1,90,18,10,1,,23001,22000,PG 12050 Free Gunner PL 1  eff:0  armour:guard-standard weapon:street-smg
12051,170,12,40,20,1,1,90,18,10,1,,23002,22001,PG 12050 Free Gunner PL 2  eff:0  armour:guard-standard weapon:street-smg
12052,190,14,40,20,1,1,95,18,10,1,,23003,22002,PG 12050 Free Gunner PL 3  eff:0  armour:guard-standard weapon:street-smg
12053,210,16,40,20,2,1,95,18,10,2,,23004,22003,PG 12050 Free Gunner PL 4  eff:0  armour:guard-standard weapon:street-smg
12054,230,18,40,20,3,1,100,18,10,2,,23005,22004,PG 12050 Free Gunner PL 5  eff:0  armour:guard-standard weapon:street-smg
12055,250,20,40,20,3,1,100,18,10,2,,23006,22005,PG 12050 Free Gunner PL 6  eff:0  armour:guard-standard weapon:street-smg
12056,280,22,40,20,4,1,105,18,10,2,,23007,22006,PG 12050 Free Gunner PL 7  eff:0  armour:guard-standard weapon:street-smg
12057,310,24,40,20,4,1,105,18,10,3,,23008,22007,PG 12050 Free Gunner PL 8  eff:0  armour:guard-standard weapon:street-smg
12058,340,26,40,20,4,1,110,18,10,3,,23009,22008,PG 12050 Free Gunner PL 9  eff:0  armour:guard-standard weapon:street-smg
12059,370,30,40,20,5,1,115,18,10,3,,23010,22009,PG 12050 Free Gunner PL 10  eff:0  armour:guard-standard weapon:street-smg
12060,300,15,40,30,2,2,90,20,10,1,64149,23070,901000,PG 12060 Havoc Jackal PL 1  eff:64149  armour:adaptive weapon:high-dmg-ar
12061,338,17,40,30,2,2,90,20,10,1,64149,23071,901001,PG 12060 Havoc Jackal PL 2  eff:64149  armour:adaptive weapon:high-dmg-ar
12062,375,19,40,30,3,2,90,20,10,1,64149,23072,901002,PG 12060 Havoc Jackal PL 3  eff:64149  armour:adaptive weapon:high-dmg-ar
12063,420,21,40,30,3,3,90,20,10,2,64149,23073,901003,PG 12060 Havoc Jackal PL 4  eff:64149  armour:adaptive weapon:high-dmg-ar
12064,480,23,40,30,4,3,90,20,10,2,64149,23074,901004,PG 12060 Havoc Jackal PL 5  eff:64149  armour:adaptive weapon:high-dmg-ar
12065,548,25,40,30,4,4,90,20,10,2,64149,23075,901005,PG 12060 Havoc Jackal PL 6  eff:64149  armour:adaptive weapon:high-dmg-ar
12066,622,30,40,30,5,4,90,20,10,2,64149,23076,901006,PG 12060 Havoc Jackal PL 7  eff:64149  armour:adaptive weapon:high-dmg-ar
12067,712,35,40,30,6,4,90,20,10,3,64149,23077,901007,PG 12060 Havoc Jackal PL 8  eff:64149  armour:adaptive weapon:high-dmg-ar
12068,810,40,40,30,7,4,90,20,10,3,64149,23078,901008,PG 12060 Havoc Jackal PL 9  eff:64149  armour:adaptive weapon:high-dmg-ar
12069,922,45,40,30,7,4,90,20,10,3,64149,23079,901009,PG 12060 Havoc Jackal PL 10  eff:64149  armour:adaptive weapon:high-dmg-ar
12070,1035,48,40,30,8,4,90,20,10,3,64149,900060,901010,PG 12060 Havoc Jackal PL 11  eff:64149  armour:adaptive weapon:high-dmg-ar
12071,1162,52,40,30,8,4,90,20,10,3,64149,900061,901011,PG 12060 Havoc Jackal PL 12  eff:64149  armour:adaptive weapon:high-dmg-ar
12072,1305,55,40,30,9,5,90,20,10,4,64149,900062,901012,PG 12060 Havoc Jackal PL 13  eff:64149  armour:adaptive weapon:high-dmg-ar
12073,1462,58,40,30,9,5,90,20,10,4,64149,900063,901013,PG 12060 Havoc Jackal PL 14  eff:64149  armour:adaptive weapon:high-dmg-ar
12074,1635,62,40,30,10,5,90,20,10,4,64149,900064,901014,PG 12060 Havoc Jackal PL 15  eff:64149  armour:adaptive weapon:high-dmg-ar
12075,1830,65,40,30,10,5,90,20,10,4,64149,900065,901015,PG 12060 Havoc Jackal PL 16  eff:64149  armour:adaptive weapon:high-dmg-ar
12076,2048,68,40,30,11,6,90,20,10,5,64149,900066,901016,PG 12060 Havoc Jackal PL 17  eff:64149  armour:adaptive weapon:high-dmg-ar
12077,2295,72,40,30,11,6,90,20,10,5,64149,900067,901017,PG 12060 Havoc Jackal PL 18  eff:64149  armour:adaptive weapon:high-dmg-ar
12078,2572,75,40,30,12,6,90,20,10,5,64149,900068,901018,PG 12060 Havoc Jackal PL 19  eff:64149  armour:adaptive weapon:high-dmg-ar
12079,2880,78,40,30,13,6,90,20,10,5,64149,900069,901019,PG 12060 Havoc Jackal PL 20  eff:64149  armour:adaptive weapon:high-dmg-ar
12080,400,32,40,20,6,1,118,18,10,3,,900020,22010,PG 12050 Free Gunner PL 11  eff:0  armour:guard-standard weapon:street-smg
12081,430,34,40,20,6,1,121,18,10,3,,900021,22011,PG 12050 Free Gunner PL 12  eff:0  armour:guard-standard weapon:street-smg
12082,460,37,40,20,7,1,123,18,10,4,,900022,22012,PG 12050 Free Gunner PL 13  eff:0  armour:guard-standard weapon:street-smg
12083,500,39,40,20,7,1,126,18,10,4,,900023,22013,PG 12050 Free Gunner PL 14  eff:0  armour:guard-standard weapon:street-smg
12084,530,41,40,20,8,1,129,18,10,4,,900024,22014,PG 12050 Free Gunner PL 15  eff:0  armour:guard-standard weapon:street-smg
12085,560,43,40,20,8,1,132,18,10,4,,900025,22015,PG 12050 Free Gunner PL 16  eff:0  armour:guard-standard weapon:street-smg
12086,590,46,40,20,9,1,134,18,10,5,,900026,22016,PG 12050 Free Gunner PL 17  eff:0  armour:guard-standard weapon:street-smg
12087,630,48,40,20,9,1,137,18,10,5,,900027,22017,PG 12050 Free Gunner PL 18  eff:0  armour:guard-standard weapon:street-smg
12088,660,50,40,20,10,1,140,18,10,5,,900028,22018,PG 12050 Free Gunner PL 19  eff:0  armour:guard-standard weapon:street-smg
12089,690,52,40,20,11,1,143,18,10,5,,900029,22019,PG 12050 Free Gunner PL 20  eff:0  armour:guard-standard weapon:street-smg
12100,520,25,40,20,0,2,90,20,10,2,,5002,18,PG 12100 Street Boss PL 6  eff:0
12350,400,20,40,10,1,3,90,20,10,1,,22000,901020,PG 12350 Po-Bot PL 1  eff:0  armour:heavy weapon:shotgun
12351,420,23,40,10,1,3,90,20,10,1,,22001,901021,PG 12350 Po-Bot PL 2  eff:0  armour:heavy weapon:shotgun
12352,450,26,40,10,2,3,95,20,10,1,,22002,901022,PG 12350 Po-Bot PL 3  eff:0  armour:heavy weapon:shotgun
12353,480,29,40,10,2,3,95,20,10,1,,22003,901023,PG 12350 Po-Bot PL 4  eff:0  armour:heavy weapon:shotgun
12354,520,32,40,10,3,3,100,20,10,1,,22004,901024,PG 12350 Po-Bot PL 5  eff:0  armour:heavy weapon:shotgun
12355,560,35,40,20,4,3,100,20,10,2,,22005,901025,PG 12350 Po-Bot PL 6  eff:0  armour:heavy weapon:shotgun
12356,600,38,40,20,5,3,105,20,10,2,,22006,901026,PG 12350 Po-Bot PL 7  eff:0  armour:heavy weapon:shotgun
12357,650,40,40,20,6,3,105,20,10,2,,22007,901027,PG 12350 Po-Bot PL 8  eff:0  armour:heavy weapon:shotgun
12358,700,40,40,20,6,3,110,20,10,2,,22008,901028,PG 12350 Po-Bot PL 9  eff:0  armour:heavy weapon:shotgun
12359,760,40,40,20,7,3,115,20,10,2,,22009,901029,PG 12350 Po-Bot PL 10  eff:0  armour:heavy weapon:shotgun
12380,810,42,40,20,8,3,118,20,10,2,,22010,901030,PG 12350 Po-Bot PL 11  eff:0  armour:heavy weapon:shotgun
12381,860,44,40,20,8,3,121,20,10,2,,22011,901031,PG 12350 Po-Bot PL 12  eff:0  armour:heavy weapon:shotgun
12382,910,47,40,20,9,3,123,20,10,2,,22012,901032,PG 12350 Po-Bot PL 13  eff:0  armour:heavy weapon:shotgun
12383,960,49,40,20,10,3,126,20,10,2,,22013,901033,PG 12350 Po-Bot PL 14  eff:0  armour:heavy weapon:shotgun
12384,1020,51,40,30,10,3,129,20,10,3,,22014,901034,PG 12350 Po-Bot PL 15  eff:0  armour:heavy weapon:shotgun
12385,1070,53,40,30,11,3,132,20,10,3,,22015,901035,PG 12350 Po-Bot PL 16  eff:0  armour:heavy weapon:shotgun
12386,1120,56,40,30,12,3,134,20,10,3,,22016,901036,PG 12350 Po-Bot PL 17  eff:0  armour:heavy weapon:shotgun
12387,1180,58,40,30,12,3,137,20,10,3,,22017,901037,PG 12350 Po-Bot PL 18  eff:0  armour:heavy weapon:shotgun
12388,1240,60,40,30,13,3,140,20,10,3,,22018,901038,PG 12350 Po-Bot PL 19  eff:0  armour:heavy weapon:shotgun
12389,1300,62,40,30,14,3,143,20,10,3,,22019,901039,PG 12350 Po-Bot PL 20  eff:0  armour:heavy weapon:shotgun
25000,250,10,40,20,0,2,60,18,10,1,,20000,22000,PG 25000 SWAT PL 1  eff:0  armour:guard-standard weapon:guard-rifle
25001,250,20,40,20,2,2,90,18,10,1,64158,22000,901000,PG 25001 SWAT-FO PL 1  eff:64158  armour:adaptive weapon:shotgun
25002,250,10,40,20,1,2,90,18,10,1,,23030,22000,PG 25002 Star FWD PL 1  eff:0  armour:guard-standard weapon:bullpup
25003,270,12,40,20,1,2,90,18,10,1,,23031,22001,PG 25002 Star FWD PL 2  eff:0  armour:guard-standard weapon:bullpup
25004,280,14,40,20,2,2,95,18,10,1,,23032,22002,PG 25002 Star FWD PL 3  eff:0  armour:guard-standard weapon:bullpup
25005,290,16,40,20,2,2,95,18,10,1,,23033,22003,PG 25002 Star FWD PL 4  eff:0  armour:guard-standard weapon:bullpup
25006,300,18,40,20,3,2,100,18,10,2,,23034,22004,PG 25002 Star FWD PL 5  eff:0  armour:guard-standard weapon:bullpup
25007,320,20,40,20,4,2,100,18,10,2,,23035,22005,PG 25002 Star FWD PL 6  eff:0  armour:guard-standard weapon:bullpup
25008,340,22,40,20,5,2,105,18,10,2,,23036,22006,PG 25002 Star FWD PL 7  eff:0  armour:guard-standard weapon:bullpup
25009,360,24,40,20,6,2,105,18,10,3,,23037,22007,PG 25002 Star FWD PL 8  eff:0  armour:guard-standard weapon:bullpup
25010,380,26,40,20,6,2,110,18,10,3,,23038,22008,PG 25002 Star FWD PL 9  eff:0  armour:guard-standard weapon:bullpup
25011,400,30,40,20,7,2,115,18,10,3,,23039,22009,PG 25002 Star FWD PL 10  eff:0  armour:guard-standard weapon:bullpup
25012,270,23,40,20,2,2,90,18,10,1,64158,22001,901001,PG 25001 SWAT-FO PL 2  eff:64158  armour:adaptive weapon:shotgun
25013,280,26,40,20,3,2,95,18,10,1,64158,22002,901002,PG 25001 SWAT-FO PL 3  eff:64158  armour:adaptive weapon:shotgun
25014,290,29,40,20,3,2,95,18,10,1,64158,22003,901003,PG 25001 SWAT-FO PL 4  eff:64158  armour:adaptive weapon:shotgun
25015,300,32,40,20,4,2,100,18,10,1,64158,22004,901004,PG 25001 SWAT-FO PL 5  eff:64158  armour:adaptive weapon:shotgun
25016,320,35,40,20,4,2,100,18,10,2,64158,22005,901005,PG 25001 SWAT-FO PL 6  eff:64158  armour:adaptive weapon:shotgun
25017,340,38,40,20,5,2,105,18,10,2,64158,22006,901006,PG 25001 SWAT-FO PL 7  eff:64158  armour:adaptive weapon:shotgun
25018,360,40,40,20,6,2,105,18,10,2,64158,22007,901007,PG 25001 SWAT-FO PL 8  eff:64158  armour:adaptive weapon:shotgun
25019,380,40,40,20,7,2,110,18,10,2,64158,22008,901008,PG 25001 SWAT-FO PL 9  eff:64158  armour:adaptive weapon:shotgun
25020,400,40,40,20,7,2,115,18,10,2,64158,22009,901009,PG 25001 SWAT-FO PL 10  eff:64158  armour:adaptive weapon:shotgun
25021,270,12,40,20,1,2,65,18,10,1,,20001,22001,PG 25000 SWAT PL 2  eff:0  armour:guard-standard weapon:guard-rifle
25022,280,14,40,20,1,2,70,18,10,1,,20002,22002,PG 25000 SWAT PL 3  eff:0  armour:guard-standard weapon:guard-rifle
25023,290,16,40,20,2,2,75,18,10,1,,20003,22003,PG 25000 SWAT PL 4  eff:0  armour:guard-standard weapon:guard-rifle
25024,300,18,40,20,3,2,80,18,10,2,,20004,22004,PG 25000 SWAT PL 5  eff:0  armour:guard-standard weapon:guard-rifle
25025,320,20,40,20,3,2,86,18,10,2,,20005,22005,PG 25000 SWAT PL 6  eff:0  armour:guard-standard weapon:guard-rifle
25026,340,22,40,20,4,2,90,18,10,2,,20006,22006,PG 25000 SWAT PL 7  eff:0  armour:guard-standard weapon:guard-rifle
25027,360,24,40,20,4,2,90,18,10,3,,20007,22007,PG 25000 SWAT PL 8  eff:0  armour:guard-standard weapon:guard-rifle
25028,380,26,40,20,4,2,90,18,10,3,,20008,22008,PG 25000 SWAT PL 9  eff:0  armour:guard-standard weapon:guard-rifle
25029,400,30,40,20,5,2,90,18,10,3,,20009,22009,PG 25000 SWAT PL 10  eff:0  armour:guard-standard weapon:guard-rifle
25030,250,20,40,20,1,2,90,18,10,1,,900170,901000,PG 25003 Star Longshot PL 1  eff:0  armour:adaptive weapon:sniper6
25031,270,21,40,20,1,2,100,18,10,1,,900171,901001,PG 25003 Star Longshot PL 2  eff:0  armour:adaptive weapon:sniper6
25032,280,22,40,20,2,2,110,18,10,1,,900172,901002,PG 25003 Star Longshot PL 3  eff:0  armour:adaptive weapon:sniper6
25033,290,23,40,20,2,2,120,18,10,1,,900173,901003,PG 25003 Star Longshot PL 4  eff:0  armour:adaptive weapon:sniper6
25034,300,24,40,20,3,2,130,18,10,1,,900174,901004,PG 25003 Star Longshot PL 5  eff:0  armour:adaptive weapon:sniper6
25035,320,25,40,20,4,2,140,18,10,2,,900175,901005,PG 25003 Star Longshot PL 6  eff:0  armour:adaptive weapon:sniper6
25036,340,26,40,20,5,2,150,18,10,2,,900176,901006,PG 25003 Star Longshot PL 7  eff:0  armour:adaptive weapon:sniper6
25037,360,27,40,20,6,2,160,18,10,2,,900177,901007,PG 25003 Star Longshot PL 8  eff:0  armour:adaptive weapon:sniper6
25038,380,28,40,20,6,2,170,18,10,2,,900178,901008,PG 25003 Star Longshot PL 9  eff:0  armour:adaptive weapon:sniper6
25039,400,29,40,20,7,2,180,18,10,2,,900179,901009,PG 25003 Star Longshot PL 10  eff:0  armour:adaptive weapon:sniper6
25050,420,42,40,20,8,2,118,18,10,2,64158,22010,901010,PG 25001 SWAT-FO PL 11  eff:64158  armour:adaptive weapon:shotgun
25051,450,44,40,20,8,2,121,18,10,2,64158,22011,901011,PG 25001 SWAT-FO PL 12  eff:64158  armour:adaptive weapon:shotgun
25052,480,47,40,20,9,2,123,18,10,2,64158,22012,901012,PG 25001 SWAT-FO PL 13  eff:64158  armour:adaptive weapon:shotgun
25053,510,49,40,20,9,2,126,18,10,2,64158,22013,901013,PG 25001 SWAT-FO PL 14  eff:64158  armour:adaptive weapon:shotgun
25054,540,51,40,20,10,2,129,18,10,3,64158,22014,901014,PG 25001 SWAT-FO PL 15  eff:64158  armour:adaptive weapon:shotgun
25055,570,53,40,20,10,2,132,18,10,3,64158,22015,901015,PG 25001 SWAT-FO PL 16  eff:64158  armour:adaptive weapon:shotgun
25056,600,56,40,20,11,2,134,18,10,3,64158,22016,901016,PG 25001 SWAT-FO PL 17  eff:64158  armour:adaptive weapon:shotgun
25057,640,58,40,20,11,2,137,18,10,3,64158,22017,901017,PG 25001 SWAT-FO PL 18  eff:64158  armour:adaptive weapon:shotgun
25058,680,60,40,20,12,2,140,18,10,3,64158,22018,901018,PG 25001 SWAT-FO PL 19  eff:64158  armour:adaptive weapon:shotgun
25059,720,62,40,20,13,2,143,18,10,3,64158,22019,901019,PG 25001 SWAT-FO PL 20  eff:64158  armour:adaptive weapon:shotgun
25060,420,32,40,20,8,2,118,18,10,3,,23040,22010,PG 25002 Star FWD PL 11  eff:0  armour:guard-standard weapon:bullpup
25061,450,34,40,20,8,2,121,18,10,3,,23041,22011,PG 25002 Star FWD PL 12  eff:0  armour:guard-standard weapon:bullpup
25062,480,37,40,20,9,2,123,18,10,4,,23042,22012,PG 25002 Star FWD PL 13  eff:0  armour:guard-standard weapon:bullpup
25063,510,39,40,20,10,2,126,18,10,4,,23043,22013,PG 25002 Star FWD PL 14  eff:0  armour:guard-standard weapon:bullpup
25064,540,41,40,20,10,2,129,18,10,4,,23044,22014,PG 25002 Star FWD PL 15  eff:0  armour:guard-standard weapon:bullpup
25065,570,43,40,20,11,2,132,18,10,4,,23045,22015,PG 25002 Star FWD PL 16  eff:0  armour:guard-standard weapon:bullpup
25066,600,46,40,20,12,2,134,18,10,5,,23046,22016,PG 25002 Star FWD PL 17  eff:0  armour:guard-standard weapon:bullpup
25067,640,48,40,20,12,2,137,18,10,5,,23047,22017,PG 25002 Star FWD PL 18  eff:0  armour:guard-standard weapon:bullpup
25068,680,50,40,20,13,2,140,18,10,5,,23048,22018,PG 25002 Star FWD PL 19  eff:0  armour:guard-standard weapon:bullpup
25069,720,52,40,20,14,2,143,18,10,5,,23049,22019,PG 25002 Star FWD PL 20  eff:0  armour:guard-standard weapon:bullpup
25070,420,30,40,20,8,2,190,18,10,2,,900000,901010,PG 25003 Star Longshot PL 11  eff:0  armour:adaptive weapon:sniper6
25071,450,31,40,20,8,2,200,18,10,2,,900001,901011,PG 25003 Star Longshot PL 12  eff:0  armour:adaptive weapon:sniper6
25072,480,32,40,20,9,2,210,18,10,2,,900002,901012,PG 25003 Star Longshot PL 13  eff:0  armour:adaptive weapon:sniper6
25073,510,33,40,20,10,2,220,18,10,2,,900003,901013,PG 25003 Star Longshot PL 14  eff:0  armour:adaptive weapon:sniper6
25074,540,34,40,20,10,2,230,18,10,3,,900004,901014,PG 25003 Star Longshot PL 15  eff:0  armour:adaptive weapon:sniper6
25075,570,35,40,20,11,2,240,18,10,3,,900005,901015,PG 25003 Star Longshot PL 16  eff:0  armour:adaptive weapon:sniper6
25076,600,36,40,20,12,2,250,18,10,3,,900006,901016,PG 25003 Star Longshot PL 17  eff:0  armour:adaptive weapon:sniper6
25077,640,37,40,20,12,2,260,18,10,3,,900007,901017,PG 25003 Star Longshot PL 18  eff:0  armour:adaptive weapon:sniper6
25078,680,38,40,20,13,2,270,18,10,3,,900008,901018,PG 25003 Star Longshot PL 19  eff:0  armour:adaptive weapon:sniper6
25079,720,39,40,20,14,2,280,18,10,3,,900009,901019,PG 25003 Star Longshot PL 20  eff:0  armour:adaptive weapon:sniper6
25080,420,32,40,20,6,2,93,18,10,3,,20010,22010,PG 25000 SWAT PL 11  eff:0  armour:guard-standard weapon:guard-rifle
25081,450,34,40,20,6,2,97,18,10,3,,20011,22011,PG 25000 SWAT PL 12  eff:0  armour:guard-standard weapon:guard-rifle
25082,480,37,40,20,7,2,100,18,10,4,,20012,22012,PG 25000 SWAT PL 13  eff:0  armour:guard-standard weapon:guard-rifle
25083,510,39,40,20,7,2,103,18,10,4,,20013,22013,PG 25000 SWAT PL 14  eff:0  armour:guard-standard weapon:guard-rifle
25084,540,41,40,20,8,2,107,18,10,4,,20014,22014,PG 25000 SWAT PL 15  eff:0  armour:guard-standard weapon:guard-rifle
25085,570,43,40,20,8,2,110,18,10,4,,20015,22015,PG 25000 SWAT PL 16  eff:0  armour:guard-standard weapon:guard-rifle
25086,600,46,40,20,9,2,113,18,10,5,,20016,22016,PG 25000 SWAT PL 17  eff:0  armour:guard-standard weapon:guard-rifle
25087,640,48,40,20,9,2,117,18,10,5,,20017,22017,PG 25000 SWAT PL 18  eff:0  armour:guard-standard weapon:guard-rifle
25088,680,50,40,20,10,2,120,18,10,5,,20018,22018,PG 25000 SWAT PL 19  eff:0  armour:guard-standard weapon:guard-rifle
25089,720,52,40,20,11,2,123,18,10,5,,20019,22019,PG 25000 SWAT PL 20  eff:0  armour:guard-standard weapon:guard-rifle
26000,400,10,40,10,0,2,60,20,10,1,,20000,901060,PG 26000 Lance VTOL PL 1  eff:0  armour:drone-infantry weapon:guard-rifle
26001,440,12,40,10,1,2,65,20,10,1,,20001,901061,PG 26000 Lance VTOL PL 2  eff:0  armour:drone-infantry weapon:guard-rifle
26002,480,14,40,10,1,2,70,20,10,1,,20002,901062,PG 26000 Lance VTOL PL 3  eff:0  armour:drone-infantry weapon:guard-rifle
26003,530,16,40,20,2,2,75,20,10,1,,20003,901063,PG 26000 Lance VTOL PL 4  eff:0  armour:drone-infantry weapon:guard-rifle
26004,580,18,40,20,3,2,80,20,10,2,,20004,901064,PG 26000 Lance VTOL PL 5  eff:0  armour:drone-infantry weapon:guard-rifle
26005,650,20,40,20,3,2,86,20,10,2,,20005,901065,PG 26000 Lance VTOL PL 6  eff:0  armour:drone-infantry weapon:guard-rifle
26006,730,22,40,20,4,2,90,20,10,2,,20006,901066,PG 26000 Lance VTOL PL 7  eff:0  armour:drone-infantry weapon:guard-rifle
26007,820,24,40,30,4,2,90,20,10,3,,20007,901067,PG 26000 Lance VTOL PL 8  eff:0  armour:drone-infantry weapon:guard-rifle
26008,920,26,40,30,4,2,90,20,10,3,,20008,901068,PG 26000 Lance VTOL PL 9  eff:0  armour:drone-infantry weapon:guard-rifle
26009,1030,30,40,30,5,2,90,20,10,3,,20009,901069,PG 26000 Lance VTOL PL 10  eff:0  armour:drone-infantry weapon:guard-rifle
26010,1110,32,40,30,6,2,93,20,10,3,,20010,901070,PG 26000 Lance VTOL PL 11  eff:0  armour:drone-infantry weapon:guard-rifle
26011,1200,34,40,30,6,2,97,20,10,3,,20011,901071,PG 26000 Lance VTOL PL 12  eff:0  armour:drone-infantry weapon:guard-rifle
26012,1300,37,40,40,7,2,100,20,10,4,,20012,901072,PG 26000 Lance VTOL PL 13  eff:0  armour:drone-infantry weapon:guard-rifle
26013,1400,39,40,40,7,2,103,20,10,4,,20013,901073,PG 26000 Lance VTOL PL 14  eff:0  armour:drone-infantry weapon:guard-rifle
26014,1510,41,40,40,8,2,107,20,10,4,,20014,901074,PG 26000 Lance VTOL PL 15  eff:0  armour:drone-infantry weapon:guard-rifle
26015,1630,43,40,40,8,2,110,20,10,4,,20015,901075,PG 26000 Lance VTOL PL 16  eff:0  armour:drone-infantry weapon:guard-rifle
26016,1760,46,40,50,9,2,113,20,10,5,,20016,901076,PG 26000 Lance VTOL PL 17  eff:0  armour:drone-infantry weapon:guard-rifle
26017,1900,48,40,50,9,2,117,20,10,5,,20017,901077,PG 26000 Lance VTOL PL 18  eff:0  armour:drone-infantry weapon:guard-rifle
26018,2050,50,40,50,10,2,120,20,10,5,,20018,901078,PG 26000 Lance VTOL PL 19  eff:0  armour:drone-infantry weapon:guard-rifle
26019,2210,52,40,50,11,2,123,20,10,5,,20019,901079,PG 26000 Lance VTOL PL 20  eff:0  armour:drone-infantry weapon:guard-rifle
26100,400,10,40,10,0,2,60,20,10,1,,20000,901060,PG 26100 S-Class Brakka PL 1  eff:0  armour:drone-infantry weapon:guard-rifle
26101,440,12,40,10,1,2,65,20,10,1,,20001,901061,PG 26100 S-Class Brakka PL 2  eff:0  armour:drone-infantry weapon:guard-rifle
26102,480,14,40,10,1,2,70,20,10,1,,20002,901062,PG 26100 S-Class Brakka PL 3  eff:0  armour:drone-infantry weapon:guard-rifle
26103,530,16,40,20,2,2,75,20,10,1,,20003,901063,PG 26100 S-Class Brakka PL 4  eff:0  armour:drone-infantry weapon:guard-rifle
26104,580,18,40,20,3,2,80,20,10,2,,20004,901064,PG 26100 S-Class Brakka PL 5  eff:0  armour:drone-infantry weapon:guard-rifle
26105,650,20,40,20,3,2,86,20,10,2,,20005,901065,PG 26100 S-Class Brakka PL 6  eff:0  armour:drone-infantry weapon:guard-rifle
26106,730,22,40,20,4,2,90,20,10,2,,20006,901066,PG 26100 S-Class Brakka PL 7  eff:0  armour:drone-infantry weapon:guard-rifle
26107,820,24,40,30,4,2,90,20,10,3,,20007,901067,PG 26100 S-Class Brakka PL 8  eff:0  armour:drone-infantry weapon:guard-rifle
26108,920,26,40,30,4,2,90,20,10,3,,20008,901068,PG 26100 S-Class Brakka PL 9  eff:0  armour:drone-infantry weapon:guard-rifle
26109,1030,30,40,30,5,2,90,20,10,3,,20009,901069,PG 26100 S-Class Brakka PL 10  eff:0  armour:drone-infantry weapon:guard-rifle
26110,460,10,40,30,4,2,90,20,10,1,64149,23060,22400,PG 26110 Star Phalanx PL 1  eff:64149  armour:superheavy weapon:erifle
26111,518,12,40,30,5,2,90,20,10,1,64149,23061,22401,PG 26110 Star Phalanx PL 2  eff:64149  armour:superheavy weapon:erifle
26112,575,14,40,30,6,2,90,20,10,1,64149,23062,22402,PG 26110 Star Phalanx PL 3  eff:64149  armour:superheavy weapon:erifle
26113,644,16,40,30,7,3,90,20,10,1,64149,23063,22403,PG 26110 Star Phalanx PL 4  eff:64149  armour:superheavy weapon:erifle
26114,736,18,40,30,8,3,90,20,10,2,64149,23064,22404,PG 26110 Star Phalanx PL 5  eff:64149  armour:superheavy weapon:erifle
26115,840,20,40,30,9,4,90,20,10,2,64149,23065,22405,PG 26110 Star Phalanx PL 6  eff:64149  armour:superheavy weapon:erifle
26116,954,22,40,30,10,4,90,20,10,2,64149,23066,22406,PG 26110 Star Phalanx PL 7  eff:64149  armour:superheavy weapon:erifle
26117,1092,24,40,30,10,4,90,20,10,2,64149,23067,22407,PG 26110 Star Phalanx PL 8  eff:64149  armour:superheavy weapon:erifle
26118,1242,26,40,30,11,4,90,20,10,2,64149,23068,22408,PG 26110 Star Phalanx PL 9  eff:64149  armour:superheavy weapon:erifle
26119,1414,30,40,30,11,4,90,20,10,2,64149,23069,22409,PG 26110 Star Phalanx PL 10  eff:64149  armour:superheavy weapon:erifle
26130,1110,32,40,30,6,2,93,20,10,3,,20010,901070,PG 26100 S-Class Brakka PL 11  eff:0  armour:drone-infantry weapon:guard-rifle
26131,1200,34,40,30,6,2,97,20,10,3,,20011,901071,PG 26100 S-Class Brakka PL 12  eff:0  armour:drone-infantry weapon:guard-rifle
26132,1300,37,40,40,7,2,100,20,10,4,,20012,901072,PG 26100 S-Class Brakka PL 13  eff:0  armour:drone-infantry weapon:guard-rifle
26133,1400,39,40,40,7,2,103,20,10,4,,20013,901073,PG 26100 S-Class Brakka PL 14  eff:0  armour:drone-infantry weapon:guard-rifle
26134,1510,41,40,40,8,2,107,20,10,4,,20014,901074,PG 26100 S-Class Brakka PL 15  eff:0  armour:drone-infantry weapon:guard-rifle
26135,1630,43,40,40,8,2,110,20,10,4,,20015,901075,PG 26100 S-Class Brakka PL 16  eff:0  armour:drone-infantry weapon:guard-rifle
26136,1760,46,40,50,9,2,113,20,10,5,,20016,901076,PG 26100 S-Class Brakka PL 17  eff:0  armour:drone-infantry weapon:guard-rifle
26137,1900,48,40,50,9,2,117,20,10,5,,20017,901077,PG 26100 S-Class Brakka PL 18  eff:0  armour:drone-infantry weapon:guard-rifle
26138,2050,50,40,50,10,2,120,20,10,5,,20018,901078,PG 26100 S-Class Brakka PL 19  eff:0  armour:drone-infantry weapon:guard-rifle
26139,2210,52,40,50,11,2,123,20,10,5,,20019,901079,PG 26100 S-Class Brakka PL 20  eff:0  armour:drone-infantry weapon:guard-rifle
26140,1587,32,40,30,12,4,90,20,10,2,64149,900050,22410,PG 26110 Star Phalanx PL 11  eff:64149  armour:superheavy weapon:erifle
26141,1782,34,40,30,13,4,90,20,10,2,64149,900051,22411,PG 26110 Star Phalanx PL 12  eff:64149  armour:superheavy weapon:erifle
26142,2001,37,40,30,13,5,90,20,10,2,64149,900052,22412,PG 26110 Star Phalanx PL 13  eff:64149  armour:superheavy weapon:erifle
26143,2242,39,40,30,14,5,90,20,10,2,64149,900053,22413,PG 26110 Star Phalanx PL 14  eff:64149  armour:superheavy weapon:erifle
26144,2507,41,40,30,15,5,90,20,10,3,64149,900054,22414,PG 26110 Star Phalanx PL 15  eff:64149  armour:superheavy weapon:erifle
26145,2806,43,40,30,16,5,90,20,10,3,64149,900055,22415,PG 26110 Star Phalanx PL 16  eff:64149  armour:superheavy weapon:erifle
26146,3140,46,40,30,16,6,90,20,10,3,64149,900056,22416,PG 26110 Star Phalanx PL 17  eff:64149  armour:superheavy weapon:erifle
26147,3519,48,40,30,17,6,90,20,10,3,64149,900057,22417,PG 26110 Star Phalanx PL 18  eff:64149  armour:superheavy weapon:erifle
26148,3944,50,40,30,18,6,90,20,10,3,64149,900058,22418,PG 26110 Star Phalanx PL 19  eff:64149  armour:superheavy weapon:erifle
26149,4416,52,40,30,19,6,90,20,10,3,64149,900059,22419,PG 26110 Star Phalanx PL 20  eff:64149  armour:superheavy weapon:erifle
27000,225,10,40,20,0,2,90,18,10,1,64146,23011,22000,PG 27000 M-Light PL 1  eff:64146  armour:guard-standard weapon:corp-smg
27001,243,12,40,20,1,2,90,18,10,1,64146,23012,22001,PG 27000 M-Light PL 2  eff:64146  armour:guard-standard weapon:corp-smg
27002,252,14,40,20,1,2,95,18,10,1,64146,23013,22002,PG 27000 M-Light PL 3  eff:64146  armour:guard-standard weapon:corp-smg
27003,261,16,40,20,2,2,95,18,10,2,64146,23014,22003,PG 27000 M-Light PL 4  eff:64146  armour:guard-standard weapon:corp-smg
27004,270,18,40,20,3,2,100,18,10,2,64146,23015,22004,PG 27000 M-Light PL 5  eff:64146  armour:guard-standard weapon:corp-smg
27005,288,20,40,20,3,2,100,18,10,2,64146,23016,22005,PG 27000 M-Light PL 6  eff:64146  armour:guard-standard weapon:corp-smg
27006,306,22,40,20,4,2,105,18,10,2,64146,23017,22006,PG 27000 M-Light PL 7  eff:64146  armour:guard-standard weapon:corp-smg
27007,324,24,40,20,4,2,105,18,10,3,64146,23018,22007,PG 27000 M-Light PL 8  eff:64146  armour:guard-standard weapon:corp-smg
27008,342,26,40,20,4,2,110,18,10,3,64146,23019,22008,PG 27000 M-Light PL 9  eff:64146  armour:guard-standard weapon:corp-smg
27009,360,30,40,20,5,2,115,18,10,3,64146,23020,22009,PG 27000 M-Light PL 10  eff:64146  armour:guard-standard weapon:corp-smg
27010,378,32,40,20,6,2,118,18,10,3,64146,900030,22010,PG 27000 M-Light PL 11  eff:64146  armour:guard-standard weapon:corp-smg
27011,405,34,40,20,6,2,121,18,10,3,64146,900031,22011,PG 27000 M-Light PL 12  eff:64146  armour:guard-standard weapon:corp-smg
27012,432,37,40,20,7,2,123,18,10,4,64146,900032,22012,PG 27000 M-Light PL 13  eff:64146  armour:guard-standard weapon:corp-smg
27013,459,39,40,20,7,2,126,18,10,4,64146,900033,22013,PG 27000 M-Light PL 14  eff:64146  armour:guard-standard weapon:corp-smg
27014,486,41,40,20,8,2,129,18,10,4,64146,900034,22014,PG 27000 M-Light PL 15  eff:64146  armour:guard-standard weapon:corp-smg
27015,513,43,40,20,8,2,132,18,10,4,64146,900035,22015,PG 27000 M-Light PL 16  eff:64146  armour:guard-standard weapon:corp-smg
27016,540,46,40,20,9,2,134,18,10,5,64146,900036,22016,PG 27000 M-Light PL 17  eff:64146  armour:guard-standard weapon:corp-smg
27017,576,48,40,20,9,2,137,18,10,5,64146,900037,22017,PG 27000 M-Light PL 18  eff:64146  armour:guard-standard weapon:corp-smg
27018,612,50,40,20,10,2,140,18,10,5,64146,900038,22018,PG 27000 M-Light PL 19  eff:64146  armour:guard-standard weapon:corp-smg
27019,648,52,40,20,11,2,143,18,10,5,64146,900039,22019,PG 27000 M-Light PL 20  eff:64146  armour:guard-standard weapon:corp-smg
27030,225,20,40,20,2,2,90,18,10,1,64146,22000,901000,PG 27030 Barrage PL 1  eff:64146  armour:adaptive weapon:shotgun
27031,243,23,40,20,2,2,90,18,10,1,64146,22001,901001,PG 27030 Barrage PL 2  eff:64146  armour:adaptive weapon:shotgun
27032,252,26,40,20,3,2,95,18,10,1,64146,22002,901002,PG 27030 Barrage PL 3  eff:64146  armour:adaptive weapon:shotgun
27033,261,29,40,20,3,2,95,18,10,1,64146,22003,901003,PG 27030 Barrage PL 4  eff:64146  armour:adaptive weapon:shotgun
27034,270,32,40,20,4,2,100,18,10,1,64146,22004,901004,PG 27030 Barrage PL 5  eff:64146  armour:adaptive weapon:shotgun
27035,288,35,40,20,4,2,100,18,10,2,64146,22005,901005,PG 27030 Barrage PL 6  eff:64146  armour:adaptive weapon:shotgun
27036,306,38,40,20,5,2,105,18,10,2,64146,22006,901006,PG 27030 Barrage PL 7  eff:64146  armour:adaptive weapon:shotgun
27037,324,40,40,20,6,2,105,18,10,2,64146,22007,901007,PG 27030 Barrage PL 8  eff:64146  armour:adaptive weapon:shotgun
27038,342,40,40,20,7,2,110,18,10,2,64146,22008,901008,PG 27030 Barrage PL 9  eff:64146  armour:adaptive weapon:shotgun
27039,360,40,40,20,7,2,115,18,10,2,64146,22009,901009,PG 27030 Barrage PL 10  eff:64146  armour:adaptive weapon:shotgun
27040,378,42,40,20,8,2,118,18,10,2,64146,22010,901010,PG 27030 Barrage PL 11  eff:64146  armour:adaptive weapon:shotgun
27041,405,44,40,20,8,2,121,18,10,2,64146,22011,901011,PG 27030 Barrage PL 12  eff:64146  armour:adaptive weapon:shotgun
27042,432,47,40,20,9,2,123,18,10,2,64146,22012,901012,PG 27030 Barrage PL 13  eff:64146  armour:adaptive weapon:shotgun
27043,459,49,40,20,9,2,126,18,10,2,64146,22013,901013,PG 27030 Barrage PL 14  eff:64146  armour:adaptive weapon:shotgun
27044,486,51,40,20,10,2,129,18,10,3,64146,22014,901014,PG 27030 Barrage PL 15  eff:64146  armour:adaptive weapon:shotgun
27045,513,53,40,20,10,2,132,18,10,3,64146,22015,901015,PG 27030 Barrage PL 16  eff:64146  armour:adaptive weapon:shotgun
27046,540,56,40,20,11,2,134,18,10,3,64146,22016,901016,PG 27030 Barrage PL 17  eff:64146  armour:adaptive weapon:shotgun
27047,576,58,40,20,11,2,137,18,10,3,64146,22017,901017,PG 27030 Barrage PL 18  eff:64146  armour:adaptive weapon:shotgun
27048,612,60,40,20,12,2,140,18,10,3,64146,22018,901018,PG 27030 Barrage PL 19  eff:64146  armour:adaptive weapon:shotgun
27049,648,62,40,20,13,2,143,18,10,3,64146,22019,901019,PG 27030 Barrage PL 20  eff:64146  armour:adaptive weapon:shotgun
27060,225,15,40,20,1,2,90,18,10,1,64146,900160,901000,PG 27040 Field Sgt PL 1  eff:64146  armour:adaptive weapon:blade5
27061,256,17,40,20,1,2,90,18,10,1,64146,900161,901001,PG 27040 Field Sgt PL 2  eff:64146  armour:adaptive weapon:blade5
27062,280,19,40,20,2,2,90,18,10,1,64146,900162,901002,PG 27040 Field Sgt PL 3  eff:64146  armour:adaptive weapon:blade5
27063,304,21,40,20,2,2,90,18,10,2,64146,900163,901003,PG 27040 Field Sgt PL 4  eff:64146  armour:adaptive weapon:blade5
27064,330,23,40,20,3,2,90,18,10,2,64146,900164,901004,PG 27040 Field Sgt PL 5  eff:64146  armour:adaptive weapon:blade5
27065,352,25,40,20,4,2,90,18,10,2,64146,900165,901005,PG 27040 Field Sgt PL 6  eff:64146  armour:adaptive weapon:blade5
27066,374,30,40,20,5,2,90,18,10,2,64146,900166,901006,PG 27040 Field Sgt PL 7  eff:64146  armour:adaptive weapon:blade5
27067,396,35,40,20,6,2,90,18,10,3,64146,900167,901007,PG 27040 Field Sgt PL 8  eff:64146  armour:adaptive weapon:blade5
27068,437,40,40,20,6,2,90,18,10,3,64146,900168,901008,PG 27040 Field Sgt PL 9  eff:64146  armour:adaptive weapon:blade5
27069,460,45,40,20,7,2,90,18,10,3,64146,900169,901009,PG 27040 Field Sgt PL 10  eff:64146  armour:adaptive weapon:blade5
27070,225,10,40,20,1,2,90,18,10,1,64146,23011,22000,PG 27060 M-KAI PL 1  eff:64146  armour:guard-standard weapon:corp-smg
27071,243,12,40,20,1,2,90,18,10,1,64146,23012,22001,PG 27060 M-KAI PL 2  eff:64146  armour:guard-standard weapon:corp-smg
27072,252,14,40,20,2,2,95,18,10,1,64146,23013,22002,PG 27060 M-KAI PL 3  eff:64146  armour:guard-standard weapon:corp-smg
27073,261,16,40,20,2,2,95,18,10,2,64146,23014,22003,PG 27060 M-KAI PL 4  eff:64146  armour:guard-standard weapon:corp-smg
27074,270,18,40,20,3,2,100,18,10,2,64146,23015,22004,PG 27060 M-KAI PL 5  eff:64146  armour:guard-standard weapon:corp-smg
27075,288,20,40,20,4,2,100,18,10,2,64146,23016,22005,PG 27060 M-KAI PL 6  eff:64146  armour:guard-standard weapon:corp-smg
27076,306,22,40,20,5,2,105,18,10,2,64146,23017,22006,PG 27060 M-KAI PL 7  eff:64146  armour:guard-standard weapon:corp-smg
27077,324,24,40,20,6,2,105,18,10,3,64146,23018,22007,PG 27060 M-KAI PL 8  eff:64146  armour:guard-standard weapon:corp-smg
27078,342,26,40,20,6,2,110,18,10,3,64146,23019,22008,PG 27060 M-KAI PL 9  eff:64146  armour:guard-standard weapon:corp-smg
27079,360,30,40,20,7,2,115,18,10,3,64146,23020,22009,PG 27060 M-KAI PL 10  eff:64146  armour:guard-standard weapon:corp-smg
27080,225,10,40,20,1,2,90,18,10,1,64146,23090,22100,PG 27100 Silk PL 1  eff:64146  armour:sniper weapon:railgun
27081,243,12,40,20,1,2,90,18,10,1,64146,23091,22101,PG 27100 Silk PL 2  eff:64146  armour:sniper weapon:railgun
27082,252,14,40,20,2,2,95,18,10,1,64146,23092,22102,PG 27100 Silk PL 3  eff:64146  armour:sniper weapon:railgun
27083,261,16,40,20,2,2,95,18,10,1,64146,23093,22103,PG 27100 Silk PL 4  eff:64146  armour:sniper weapon:railgun
27084,270,18,40,20,3,2,100,18,10,1,64146,23094,22104,PG 27100 Silk PL 5  eff:64146  armour:sniper weapon:railgun
27085,288,20,40,20,4,2,100,18,10,1,64146,23095,22105,PG 27100 Silk PL 6  eff:64146  armour:sniper weapon:railgun
27086,306,22,40,20,5,2,105,18,10,1,64146,23096,22116,PG 27100 Silk PL 7  eff:64146  armour:sniper weapon:railgun
27087,324,24,40,20,6,2,105,18,10,1,64146,23097,22117,PG 27100 Silk PL 8  eff:64146  armour:sniper weapon:railgun
27088,342,26,40,20,6,2,110,18,10,1,64146,23098,22118,PG 27100 Silk PL 9  eff:64146  armour:sniper weapon:railgun
27089,360,30,40,20,7,2,115,18,10,1,64146,23099,22119,PG 27100 Silk PL 10  eff:64146  armour:sniper weapon:railgun
27090,360,10,40,10,4,2,60,20,10,1,64146,20000,901060,PG 27130 MATS VTOL PL 1  eff:64146  armour:drone-infantry weapon:guard-rifle
27091,396,12,40,10,5,2,65,20,10,1,64146,20001,901061,PG 27130 MATS VTOL PL 2  eff:64146  armour:drone-infantry weapon:guard-rifle
27092,432,14,40,10,6,2,70,20,10,1,64146,20002,901062,PG 27130 MATS VTOL PL 3  eff:64146  armour:drone-infantry weapon:guard-rifle
27093,477,16,40,20,7,2,75,20,10,1,64146,20003,901063,PG 27130 MATS VTOL PL 4  eff:64146  armour:drone-infantry weapon:guard-rifle
27094,522,18,40,20,8,2,80,20,10,2,64146,20004,901064,PG 27130 MATS VTOL PL 5  eff:64146  armour:drone-infantry weapon:guard-rifle
27095,585,20,40,20,9,2,86,20,10,2,64146,20005,901065,PG 27130 MATS VTOL PL 6  eff:64146  armour:drone-infantry weapon:guard-rifle
27096,657,22,40,20,10,2,90,20,10,2,64146,20006,901066,PG 27130 MATS VTOL PL 7  eff:64146  armour:drone-infantry weapon:guard-rifle
27097,738,24,40,30,10,2,90,20,10,3,64146,20007,901067,PG 27130 MATS VTOL PL 8  eff:64146  armour:drone-infantry weapon:guard-rifle
27098,828,26,40,30,11,2,90,20,10,3,64146,20008,901068,PG 27130 MATS VTOL PL 9  eff:64146  armour:drone-infantry weapon:guard-rifle
27099,927,30,40,30,11,2,90,20,10,3,64146,20009,901069,PG 27130 MATS VTOL PL 10  eff:64146  armour:drone-infantry weapon:guard-rifle
27100,360,10,40,10,1,2,90,20,10,1,64146,23060,901060,PG 27160 M-Class Infra PL 1  eff:64146  armour:drone-infantry weapon:erifle
27101,396,12,40,10,1,2,90,20,10,1,64146,23061,901061,PG 27160 M-Class Infra PL 2  eff:64146  armour:drone-infantry weapon:erifle
27102,432,14,40,10,2,2,95,20,10,1,64146,23062,901062,PG 27160 M-Class Infra PL 3  eff:64146  armour:drone-infantry weapon:erifle
27103,477,16,40,20,2,2,95,20,10,2,64146,23063,901063,PG 27160 M-Class Infra PL 4  eff:64146  armour:drone-infantry weapon:erifle
27104,522,18,40,20,3,3,100,20,10,2,64146,23064,901064,PG 27160 M-Class Infra PL 5  eff:64146  armour:drone-infantry weapon:erifle
27105,585,20,40,20,4,3,100,20,10,2,64146,23064,901065,PG 27160 M-Class Infra PL 6  eff:64146  armour:drone-infantry weapon:erifle
27106,657,22,40,20,5,3,105,20,10,2,64146,23065,901066,PG 27160 M-Class Infra PL 7  eff:64146  armour:drone-infantry weapon:erifle
27107,738,24,40,30,6,3,105,20,10,2,64146,23065,901067,PG 27160 M-Class Infra PL 8  eff:64146  armour:drone-infantry weapon:erifle
27108,828,26,40,30,6,4,110,20,10,2,64146,23066,901068,PG 27160 M-Class Infra PL 9  eff:64146  armour:drone-infantry weapon:erifle
27109,927,30,40,30,7,4,115,20,10,2,64146,23066,901069,PG 27160 M-Class Infra PL 10  eff:64146  armour:drone-infantry weapon:erifle
27110,400,10,40,30,4,2,90,20,10,1,64146,23060,22400,PG 27200 Jade Spear PL 1  eff:64146  armour:superheavy weapon:erifle
27111,450,12,40,30,5,2,90,20,10,1,64146,23061,22401,PG 27200 Jade Spear PL 2  eff:64146  armour:superheavy weapon:erifle
27112,500,14,40,30,6,2,90,20,10,1,64146,23062,22402,PG 27200 Jade Spear PL 3  eff:64146  armour:superheavy weapon:erifle
27113,560,16,40,30,7,3,90,20,10,1,64146,23063,22403,PG 27200 Jade Spear PL 4  eff:64146  armour:superheavy weapon:erifle
27114,640,18,40,30,8,3,90,20,10,2,64146,23064,22404,PG 27200 Jade Spear PL 5  eff:64146  armour:superheavy weapon:erifle
27115,730,20,40,30,9,4,90,20,10,2,64146,23065,22405,PG 27200 Jade Spear PL 6  eff:64146  armour:superheavy weapon:erifle
27116,830,22,40,30,10,4,90,20,10,2,64146,23066,22406,PG 27200 Jade Spear PL 7  eff:64146  armour:superheavy weapon:erifle
27117,950,24,40,30,10,4,90,20,10,2,64146,23067,22407,PG 27200 Jade Spear PL 8  eff:64146  armour:superheavy weapon:erifle
27118,1080,26,40,30,11,4,90,20,10,2,64146,23068,22408,PG 27200 Jade Spear PL 9  eff:64146  armour:superheavy weapon:erifle
27119,1230,30,40,30,11,4,90,20,10,2,64146,23069,22409,PG 27200 Jade Spear PL 10  eff:64146  armour:superheavy weapon:erifle
27121,250,20,40,20,1,3,90,22,10,1,,22000,901020,PG 27220 Highkick PL 1  eff:0  armour:heavy weapon:shotgun
27122,270,23,40,20,1,3,90,22,10,1,,22001,901021,PG 27220 Highkick PL 2  eff:0  armour:heavy weapon:shotgun
27123,280,26,40,20,2,3,95,22,10,1,,22002,901022,PG 27220 Highkick PL 3  eff:0  armour:heavy weapon:shotgun
27124,290,29,40,20,2,3,95,22,10,1,,22003,901023,PG 27220 Highkick PL 4  eff:0  armour:heavy weapon:shotgun
27125,300,32,40,20,3,3,100,22,10,1,,22004,901024,PG 27220 Highkick PL 5  eff:0  armour:heavy weapon:shotgun
27126,320,35,40,20,4,3,100,22,10,2,,22005,901025,PG 27220 Highkick PL 6  eff:0  armour:heavy weapon:shotgun
27127,340,38,40,20,5,3,105,22,10,2,,22006,901026,PG 27220 Highkick PL 7  eff:0  armour:heavy weapon:shotgun
27128,360,40,40,20,6,3,105,22,10,2,,22007,901027,PG 27220 Highkick PL 8  eff:0  armour:heavy weapon:shotgun
27129,380,40,40,20,6,3,110,22,10,2,,22008,901028,PG 27220 Highkick PL 9  eff:0  armour:heavy weapon:shotgun
27130,400,40,40,20,7,3,115,22,10,2,,22009,901029,PG 27220 Highkick PL 10  eff:0  armour:heavy weapon:shotgun
27200,494,48,40,20,8,2,90,18,10,3,64146,900010,901010,PG 27040 Field Sgt PL 11  eff:64146  armour:adaptive weapon:blade5
27201,538,52,40,20,8,2,90,18,10,3,64146,900011,901011,PG 27040 Field Sgt PL 12  eff:64146  armour:adaptive weapon:blade5
27202,583,55,40,20,9,2,90,18,10,4,64146,900012,901012,PG 27040 Field Sgt PL 13  eff:64146  armour:adaptive weapon:blade5
27203,630,58,40,20,10,2,90,18,10,4,64146,900013,901013,PG 27040 Field Sgt PL 14  eff:64146  armour:adaptive weapon:blade5
27204,678,62,40,20,10,2,90,18,10,4,64146,900014,901014,PG 27040 Field Sgt PL 15  eff:64146  armour:adaptive weapon:blade5
27205,727,65,40,20,11,2,90,18,10,4,64146,900015,901015,PG 27040 Field Sgt PL 16  eff:64146  armour:adaptive weapon:blade5
27206,777,68,40,20,12,2,90,18,10,5,64146,900016,901016,PG 27040 Field Sgt PL 17  eff:64146  armour:adaptive weapon:blade5
27207,842,72,40,20,12,2,90,18,10,5,64146,900017,901017,PG 27040 Field Sgt PL 18  eff:64146  armour:adaptive weapon:blade5
27208,908,75,40,20,13,2,90,18,10,5,64146,900018,901018,PG 27040 Field Sgt PL 19  eff:64146  armour:adaptive weapon:blade5
27209,976,78,40,20,14,2,90,18,10,5,64146,900019,901019,PG 27040 Field Sgt PL 20  eff:64146  armour:adaptive weapon:blade5
27210,378,32,40,20,8,2,118,18,10,3,64146,900030,22010,PG 27060 M-KAI PL 11  eff:64146  armour:guard-standard weapon:corp-smg
27211,405,34,40,20,8,2,121,18,10,3,64146,900031,22011,PG 27060 M-KAI PL 12  eff:64146  armour:guard-standard weapon:corp-smg
27212,432,37,40,20,9,2,123,18,10,4,64146,900032,22012,PG 27060 M-KAI PL 13  eff:64146  armour:guard-standard weapon:corp-smg
27213,459,39,40,20,10,2,126,18,10,4,64146,900033,22013,PG 27060 M-KAI PL 14  eff:64146  armour:guard-standard weapon:corp-smg
27214,486,41,40,20,10,2,129,18,10,4,64146,900034,22014,PG 27060 M-KAI PL 15  eff:64146  armour:guard-standard weapon:corp-smg
27215,513,43,40,20,11,2,132,18,10,4,64146,900035,22015,PG 27060 M-KAI PL 16  eff:64146  armour:guard-standard weapon:corp-smg
27216,540,46,40,20,12,2,134,18,10,5,64146,900036,22016,PG 27060 M-KAI PL 17  eff:64146  armour:guard-standard weapon:corp-smg
27217,576,48,40,20,12,2,137,18,10,5,64146,900037,22017,PG 27060 M-KAI PL 18  eff:64146  armour:guard-standard weapon:corp-smg
27218,612,50,40,20,13,2,140,18,10,5,64146,900038,22018,PG 27060 M-KAI PL 19  eff:64146  armour:guard-standard weapon:corp-smg
27219,648,52,40,20,14,2,143,18,10,5,64146,900039,22019,PG 27060 M-KAI PL 20  eff:64146  armour:guard-standard weapon:corp-smg
27220,378,32,40,20,8,2,118,18,10,1,64146,900080,22106,PG 27100 Silk PL 11  eff:64146  armour:sniper weapon:railgun
27221,405,34,40,20,8,2,121,18,10,1,64146,900081,22107,PG 27100 Silk PL 12  eff:64146  armour:sniper weapon:railgun
27222,432,37,40,20,9,2,123,18,10,1,64146,900082,22108,PG 27100 Silk PL 13  eff:64146  armour:sniper weapon:railgun
27223,459,39,40,20,10,2,126,18,10,1,64146,900083,22109,PG 27100 Silk PL 14  eff:64146  armour:sniper weapon:railgun
27224,486,41,40,20,10,2,129,18,10,1,64146,900084,22110,PG 27100 Silk PL 15  eff:64146  armour:sniper weapon:railgun
27225,513,43,40,20,11,2,132,18,10,1,64146,900085,22111,PG 27100 Silk PL 16  eff:64146  armour:sniper weapon:railgun
27226,540,46,40,20,12,2,134,18,10,1,64146,900086,22112,PG 27100 Silk PL 17  eff:64146  armour:sniper weapon:railgun
27227,576,48,40,20,12,2,137,18,10,1,64146,900087,22113,PG 27100 Silk PL 18  eff:64146  armour:sniper weapon:railgun
27228,612,50,40,20,13,2,140,18,10,1,64146,900088,22114,PG 27100 Silk PL 19  eff:64146  armour:sniper weapon:railgun
27229,648,52,40,20,14,2,143,18,10,1,64146,900089,22115,PG 27100 Silk PL 20  eff:64146  armour:sniper weapon:railgun
27230,999,32,40,30,12,2,93,20,10,3,64146,20010,901070,PG 27130 MATS VTOL PL 11  eff:64146  armour:drone-infantry weapon:guard-rifle
27231,1080,34,40,30,13,2,97,20,10,3,64146,20011,901071,PG 27130 MATS VTOL PL 12  eff:64146  armour:drone-infantry weapon:guard-rifle
27232,1170,37,40,40,13,2,100,20,10,4,64146,20012,901072,PG 27130 MATS VTOL PL 13  eff:64146  armour:drone-infantry weapon:guard-rifle
27233,1260,39,40,40,14,2,103,20,10,4,64146,20013,901073,PG 27130 MATS VTOL PL 14  eff:64146  armour:drone-infantry weapon:guard-rifle
27234,1359,41,40,40,15,2,107,20,10,4,64146,20014,901074,PG 27130 MATS VTOL PL 15  eff:64146  armour:drone-infantry weapon:guard-rifle
27235,1467,43,40,40,16,2,110,20,10,4,64146,20015,901075,PG 27130 MATS VTOL PL 16  eff:64146  armour:drone-infantry weapon:guard-rifle
27236,1584,46,40,50,16,2,113,20,10,5,64146,20016,901076,PG 27130 MATS VTOL PL 17  eff:64146  armour:drone-infantry weapon:guard-rifle
27237,1710,48,40,50,17,2,117,20,10,5,64146,20017,901077,PG 27130 MATS VTOL PL 18  eff:64146  armour:drone-infantry weapon:guard-rifle
27238,1845,50,40,50,18,2,120,20,10,5,64146,20018,901078,PG 27130 MATS VTOL PL 19  eff:64146  armour:drone-infantry weapon:guard-rifle
27239,1989,52,40,50,19,2,123,20,10,5,64146,20019,901079,PG 27130 MATS VTOL PL 20  eff:64146  armour:drone-infantry weapon:guard-rifle
27240,999,32,40,30,8,4,118,20,10,2,64146,900050,901070,PG 27160 M-Class Infra PL 11  eff:64146  armour:drone-infantry weapon:erifle
27241,1080,34,40,30,8,4,121,20,10,2,64146,900051,901071,PG 27160 M-Class Infra PL 12  eff:64146  armour:drone-infantry weapon:erifle
27242,1170,37,40,40,9,5,123,20,10,2,64146,900052,901072,PG 27160 M-Class Infra PL 13  eff:64146  armour:drone-infantry weapon:erifle
27243,1260,39,40,40,10,5,126,20,10,2,64146,900053,901073,PG 27160 M-Class Infra PL 14  eff:64146  armour:drone-infantry weapon:erifle
27244,1359,41,40,40,10,5,129,20,10,3,64146,900054,901074,PG 27160 M-Class Infra PL 15  eff:64146  armour:drone-infantry weapon:erifle
27245,1467,43,40,40,11,5,132,20,10,3,64146,900055,901075,PG 27160 M-Class Infra PL 16  eff:64146  armour:drone-infantry weapon:erifle
27246,1584,46,40,50,12,6,134,20,10,3,64146,900056,901076,PG 27160 M-Class Infra PL 17  eff:64146  armour:drone-infantry weapon:erifle
27247,1710,48,40,50,12,6,137,20,10,3,64146,900057,901077,PG 27160 M-Class Infra PL 18  eff:64146  armour:drone-infantry weapon:erifle
27248,1845,50,40,50,13,6,140,20,10,3,64146,900058,901078,PG 27160 M-Class Infra PL 19  eff:64146  armour:drone-infantry weapon:erifle
27249,1989,52,40,50,14,6,143,20,10,3,64146,900059,901079,PG 27160 M-Class Infra PL 20  eff:64146  armour:drone-infantry weapon:erifle
27250,1380,32,40,30,12,4,90,20,10,2,64146,900050,22410,PG 27200 Jade Spear PL 11  eff:64146  armour:superheavy weapon:erifle
27251,1550,34,40,30,13,4,90,20,10,2,64146,900051,22411,PG 27200 Jade Spear PL 12  eff:64146  armour:superheavy weapon:erifle
27252,1740,37,40,30,13,5,90,20,10,2,64146,900052,22412,PG 27200 Jade Spear PL 13  eff:64146  armour:superheavy weapon:erifle
27253,1950,39,40,30,14,5,90,20,10,2,64146,900053,22413,PG 27200 Jade Spear PL 14  eff:64146  armour:superheavy weapon:erifle
27254,2180,41,40,30,15,5,90,20,10,3,64146,900054,22414,PG 27200 Jade Spear PL 15  eff:64146  armour:superheavy weapon:erifle
27255,2440,43,40,30,16,5,90,20,10,3,64146,900055,22415,PG 27200 Jade Spear PL 16  eff:64146  armour:superheavy weapon:erifle
27256,2730,46,40,30,16,6,90,20,10,3,64146,900056,22416,PG 27200 Jade Spear PL 17  eff:64146  armour:superheavy weapon:erifle
27257,3060,48,40,30,17,6,90,20,10,3,64146,900057,22417,PG 27200 Jade Spear PL 18  eff:64146  armour:superheavy weapon:erifle
27258,3430,50,40,30,18,6,90,20,10,3,64146,900058,22418,PG 27200 Jade Spear PL 19  eff:64146  armour:superheavy weapon:erifle
27259,3840,52,40,30,19,6,90,20,10,3,64146,900059,22419,PG 27200 Jade Spear PL 20  eff:64146  armour:superheavy weapon:erifle
27260,420,42,40,20,8,3,118,22,10,2,,22010,901030,PG 27220 Highkick PL 11  eff:0  armour:heavy weapon:shotgun
27261,450,44,40,20,8,3,121,22,10,2,,22011,901031,PG 27220 Highkick PL 12  eff:0  armour:heavy weapon:shotgun
27262,480,47,40,20,9,3,123,22,10,2,,22012,901032,PG 27220 Highkick PL 13  eff:0  armour:heavy weapon:shotgun
27263,510,49,40,20,10,3,126,22,10,2,,22013,901033,PG 27220 Highkick PL 14  eff:0  armour:heavy weapon:shotgun
27264,540,51,40,20,10,3,129,22,10,3,,22014,901034,PG 27220 Highkick PL 15  eff:0  armour:heavy weapon:shotgun
27265,570,53,40,20,11,3,132,22,10,3,,22015,901035,PG 27220 Highkick PL 16  eff:0  armour:heavy weapon:shotgun
27266,600,56,40,20,12,3,134,22,10,3,,22016,901036,PG 27220 Highkick PL 17  eff:0  armour:heavy weapon:shotgun
27267,640,58,40,20,12,3,137,22,10,3,,22017,901037,PG 27220 Highkick PL 18  eff:0  armour:heavy weapon:shotgun
27268,680,60,40,20,13,3,140,22,10,3,,22018,901038,PG 27220 Highkick PL 19  eff:0  armour:heavy weapon:shotgun
27269,720,62,40,20,14,3,143,22,10,3,,22019,901039,PG 27220 Highkick PL 20  eff:0  armour:heavy weapon:shotgun
30000,275,10,40,20,0,3,60,18,10,1,,20000,22000,PG 30000 J6 SIG PL 1  eff:0  armour:guard-standard weapon:guard-rifle
30001,302,12,40,20,1,3,65,18,10,1,,20001,22001,PG 30000 J6 SIG PL 2  eff:0  armour:guard-standard weapon:guard-rifle
30002,319,14,40,20,1,3,70,18,10,1,,20002,22002,PG 30000 J6 SIG PL 3  eff:0  armour:guard-standard weapon:guard-rifle
30003,336,16,40,20,2,3,75,18,10,1,,20003,22003,PG 30000 J6 SIG PL 4  eff:0  armour:guard-standard weapon:guard-rifle
30004,354,18,40,20,3,3,80,18,10,2,,20004,22004,PG 30000 J6 SIG PL 5  eff:0  armour:guard-standard weapon:guard-rifle
30005,384,20,40,20,3,3,86,18,10,2,,20005,22005,PG 30000 J6 SIG PL 6  eff:0  armour:guard-standard weapon:guard-rifle
30006,415,22,40,20,4,3,90,18,10,2,,20006,22006,PG 30000 J6 SIG PL 7  eff:0  armour:guard-standard weapon:guard-rifle
30007,446,24,40,20,4,3,90,18,10,3,,20007,22007,PG 30000 J6 SIG PL 8  eff:0  armour:guard-standard weapon:guard-rifle
30008,479,26,40,20,4,3,90,18,10,3,,20008,22008,PG 30000 J6 SIG PL 9  eff:0  armour:guard-standard weapon:guard-rifle
30009,512,30,40,20,5,3,90,18,10,3,,20009,22009,PG 30000 J6 SIG PL 10  eff:0  armour:guard-standard weapon:guard-rifle
30010,546,32,40,20,6,3,93,18,10,3,,20010,22010,PG 30000 J6 SIG PL 11  eff:0  armour:guard-standard weapon:guard-rifle
30011,594,34,40,20,6,3,97,18,10,3,,20011,22011,PG 30000 J6 SIG PL 12  eff:0  armour:guard-standard weapon:guard-rifle
30012,643,37,40,20,7,3,100,18,10,4,,20012,22012,PG 30000 J6 SIG PL 13  eff:0  armour:guard-standard weapon:guard-rifle
30013,694,39,40,20,7,3,103,18,10,4,,20013,22013,PG 30000 J6 SIG PL 14  eff:0  armour:guard-standard weapon:guard-rifle
30014,745,41,40,20,8,3,107,18,10,4,,20014,22014,PG 30000 J6 SIG PL 15  eff:0  armour:guard-standard weapon:guard-rifle
30015,798,43,40,20,8,3,110,18,10,4,,20015,22015,PG 30000 J6 SIG PL 16  eff:0  armour:guard-standard weapon:guard-rifle
30016,852,46,40,20,9,3,113,18,10,5,,20016,22016,PG 30000 J6 SIG PL 17  eff:0  armour:guard-standard weapon:guard-rifle
30017,922,48,40,20,9,3,117,18,10,5,,20017,22017,PG 30000 J6 SIG PL 18  eff:0  armour:guard-standard weapon:guard-rifle
30018,993,50,40,20,10,3,120,18,10,5,,20018,22018,PG 30000 J6 SIG PL 19  eff:0  armour:guard-standard weapon:guard-rifle
30019,1066,52,40,20,11,3,123,18,10,5,,20019,22019,PG 30000 J6 SIG PL 20  eff:0  armour:guard-standard weapon:guard-rifle
30020,275,20,40,30,1,3,90,18,10,1,,22000,901000,PG 30020 Douser PL 1  eff:0  armour:adaptive weapon:shotgun
30021,302,23,40,30,1,3,90,18,10,1,,22001,901001,PG 30020 Douser PL 2  eff:0  armour:adaptive weapon:shotgun
30022,319,26,40,30,2,3,95,18,10,1,,22002,901002,PG 30020 Douser PL 3  eff:0  armour:adaptive weapon:shotgun
30023,331,29,40,30,2,3,95,18,10,1,,22003,901003,PG 30020 Douser PL 4  eff:0  armour:adaptive weapon:shotgun
30024,342,32,40,30,3,3,100,18,10,1,,22004,901004,PG 30020 Douser PL 5  eff:0  armour:adaptive weapon:shotgun
30025,365,35,40,30,4,3,100,18,10,2,,22005,901005,PG 30020 Douser PL 6  eff:0  armour:adaptive weapon:shotgun
30026,388,38,40,30,5,3,105,18,10,2,,22006,901006,PG 30020 Douser PL 7  eff:0  armour:adaptive weapon:shotgun
30027,410,40,40,30,6,3,105,18,10,2,,22007,901007,PG 30020 Douser PL 8  eff:0  armour:adaptive weapon:shotgun
30028,433,40,40,30,6,3,110,18,10,2,,22008,901008,PG 30020 Douser PL 9  eff:0  armour:adaptive weapon:shotgun
30029,456,40,40,30,7,3,115,18,10,2,,22009,901009,PG 30020 Douser PL 10  eff:0  armour:adaptive weapon:shotgun
30030,479,42,40,30,8,3,118,18,10,2,,22010,901010,PG 30020 Douser PL 11  eff:0  armour:adaptive weapon:shotgun
30031,513,44,40,30,8,3,121,18,10,2,,22011,901011,PG 30020 Douser PL 12  eff:0  armour:adaptive weapon:shotgun
30032,547,47,40,30,9,3,123,18,10,2,,22012,901012,PG 30020 Douser PL 13  eff:0  armour:adaptive weapon:shotgun
30033,581,49,40,30,10,3,126,18,10,2,,22013,901013,PG 30020 Douser PL 14  eff:0  armour:adaptive weapon:shotgun
30034,616,51,40,30,10,3,129,18,10,3,,22014,901014,PG 30020 Douser PL 15  eff:0  armour:adaptive weapon:shotgun
30035,650,53,40,30,11,3,132,18,10,3,,22015,901015,PG 30020 Douser PL 16  eff:0  armour:adaptive weapon:shotgun
30036,684,56,40,30,12,3,134,18,10,3,,22016,901016,PG 30020 Douser PL 17  eff:0  armour:adaptive weapon:shotgun
30037,730,58,40,30,12,3,137,18,10,3,,22017,901017,PG 30020 Douser PL 18  eff:0  armour:adaptive weapon:shotgun
30038,775,60,40,30,13,3,140,18,10,3,,22018,901018,PG 30020 Douser PL 19  eff:0  armour:adaptive weapon:shotgun
30039,821,62,40,30,14,3,143,18,10,3,,22019,901019,PG 30020 Douser PL 20  eff:0  armour:adaptive weapon:shotgun
30040,200,10,40,20,0,1,60,18,10,1,,20000,22000,PG 30040 Advance NX PL 1  eff:0  armour:guard-standard weapon:guard-rifle
30041,210,12,40,20,1,1,65,18,10,1,,20001,22001,PG 30040 Advance NX PL 2  eff:0  armour:guard-standard weapon:guard-rifle
30042,220,14,40,20,1,1,70,18,10,1,,20002,22002,PG 30040 Advance NX PL 3  eff:0  armour:guard-standard weapon:guard-rifle
30043,230,16,40,20,2,1,75,18,10,1,,20003,22003,PG 30040 Advance NX PL 4  eff:0  armour:guard-standard weapon:guard-rifle
30044,240,18,40,20,3,1,80,18,10,2,,20004,22004,PG 30040 Advance NX PL 5  eff:0  armour:guard-standard weapon:guard-rifle
30045,250,20,40,20,3,1,86,18,10,2,,20005,22005,PG 30040 Advance NX PL 6  eff:0  armour:guard-standard weapon:guard-rifle
30046,270,22,40,20,4,1,90,18,10,2,,20006,22006,PG 30040 Advance NX PL 7  eff:0  armour:guard-standard weapon:guard-rifle
30047,290,24,40,20,4,1,90,18,10,3,,20007,22007,PG 30040 Advance NX PL 8  eff:0  armour:guard-standard weapon:guard-rifle
30048,310,26,40,20,4,1,90,18,10,3,,20008,22008,PG 30040 Advance NX PL 9  eff:0  armour:guard-standard weapon:guard-rifle
30049,330,30,40,20,5,1,90,18,10,3,,20009,22009,PG 30040 Advance NX PL 10  eff:0  armour:guard-standard weapon:guard-rifle
30050,340,32,40,20,6,1,93,18,10,3,,20010,22010,PG 30040 Advance NX PL 11  eff:0  armour:guard-standard weapon:guard-rifle
30051,360,34,40,20,6,1,97,18,10,3,,20011,22011,PG 30040 Advance NX PL 12  eff:0  armour:guard-standard weapon:guard-rifle
30052,380,37,40,20,7,1,100,18,10,4,,20012,22012,PG 30040 Advance NX PL 13  eff:0  armour:guard-standard weapon:guard-rifle
30053,400,39,40,20,7,1,103,18,10,4,,20013,22013,PG 30040 Advance NX PL 14  eff:0  armour:guard-standard weapon:guard-rifle
30054,420,41,40,20,8,1,107,18,10,4,,20014,22014,PG 30040 Advance NX PL 15  eff:0  armour:guard-standard weapon:guard-rifle
30055,440,43,40,20,8,1,110,18,10,4,,20015,22015,PG 30040 Advance NX PL 16  eff:0  armour:guard-standard weapon:guard-rifle
30056,470,46,40,20,9,1,113,18,10,5,,20016,22016,PG 30040 Advance NX PL 17  eff:0  armour:guard-standard weapon:guard-rifle
30057,500,48,40,20,9,1,117,18,10,5,,20017,22017,PG 30040 Advance NX PL 18  eff:0  armour:guard-standard weapon:guard-rifle
30058,530,50,40,20,10,1,120,18,10,5,,20018,22018,PG 30040 Advance NX PL 19  eff:0  armour:guard-standard weapon:guard-rifle
30059,560,52,40,20,11,1,123,18,10,5,,20019,22019,PG 30040 Advance NX PL 20  eff:0  armour:guard-standard weapon:guard-rifle
30060,250,20,40,20,1,2,90,18,10,1,,900170,901000,PG 30060 Moonshot DIV PL 1  eff:0  armour:adaptive weapon:sniper6
30061,270,21,40,20,1,2,100,18,10,1,,900171,901001,PG 30060 Moonshot DIV PL 2  eff:0  armour:adaptive weapon:sniper6
30062,280,22,40,20,2,2,110,18,10,1,,900172,901002,PG 30060 Moonshot DIV PL 3  eff:0  armour:adaptive weapon:sniper6
30063,290,23,40,20,2,2,120,18,10,1,,900173,901003,PG 30060 Moonshot DIV PL 4  eff:0  armour:adaptive weapon:sniper6
30064,300,24,40,20,3,2,130,18,10,1,,900174,901004,PG 30060 Moonshot DIV PL 5  eff:0  armour:adaptive weapon:sniper6
30065,320,25,40,20,4,2,140,18,10,2,,900175,901005,PG 30060 Moonshot DIV PL 6  eff:0  armour:adaptive weapon:sniper6
30066,340,26,40,20,5,2,150,18,10,2,,900176,901006,PG 30060 Moonshot DIV PL 7  eff:0  armour:adaptive weapon:sniper6
30067,360,27,40,20,6,2,160,18,10,2,,900177,901007,PG 30060 Moonshot DIV PL 8  eff:0  armour:adaptive weapon:sniper6
30068,380,28,40,20,6,2,170,18,10,2,,900178,901008,PG 30060 Moonshot DIV PL 9  eff:0  armour:adaptive weapon:sniper6
30069,400,29,40,20,7,2,180,18,10,2,,900179,901009,PG 30060 Moonshot DIV PL 10  eff:0  armour:adaptive weapon:sniper6
30070,420,30,40,20,8,2,190,18,10,2,,900000,901010,PG 30060 Moonshot DIV PL 11  eff:0  armour:adaptive weapon:sniper6
30071,450,31,40,20,8,2,200,18,10,2,,900001,901011,PG 30060 Moonshot DIV PL 12  eff:0  armour:adaptive weapon:sniper6
30072,480,32,40,20,9,2,210,18,10,2,,900002,901012,PG 30060 Moonshot DIV PL 13  eff:0  armour:adaptive weapon:sniper6
30073,510,33,40,20,10,2,220,18,10,2,,900003,901013,PG 30060 Moonshot DIV PL 14  eff:0  armour:adaptive weapon:sniper6
30074,540,34,40,20,10,2,230,18,10,3,,900004,901014,PG 30060 Moonshot DIV PL 15  eff:0  armour:adaptive weapon:sniper6
30075,570,35,40,20,11,2,240,18,10,3,,900005,901015,PG 30060 Moonshot DIV PL 16  eff:0  armour:adaptive weapon:sniper6
30076,600,36,40,20,12,2,250,18,10,3,,900006,901016,PG 30060 Moonshot DIV PL 17  eff:0  armour:adaptive weapon:sniper6
30077,640,37,40,20,12,2,260,18,10,3,,900007,901017,PG 30060 Moonshot DIV PL 18  eff:0  armour:adaptive weapon:sniper6
30078,680,38,40,20,13,2,270,18,10,3,,900008,901018,PG 30060 Moonshot DIV PL 19  eff:0  armour:adaptive weapon:sniper6
30079,720,39,40,20,14,2,280,18,10,3,,900009,901019,PG 30060 Moonshot DIV PL 20  eff:0  armour:adaptive weapon:sniper6
30080,448,15,40,30,2,2,90,20,10,1,64149,23070,901020,PG 30080 Field Exec PL 1  eff:64149  armour:heavy weapon:high-dmg-ar
30081,518,17,40,30,2,2,90,20,10,1,64149,23071,901021,PG 30080 Field Exec PL 2  eff:64149  armour:heavy weapon:high-dmg-ar
30082,600,19,40,30,3,2,90,20,10,1,64149,23072,901022,PG 30080 Field Exec PL 3  eff:64149  armour:heavy weapon:high-dmg-ar
30083,700,21,40,30,3,3,90,20,10,2,64149,23073,901023,PG 30080 Field Exec PL 4  eff:64149  armour:heavy weapon:high-dmg-ar
30084,800,23,40,30,4,3,90,20,10,2,64149,23074,901024,PG 30080 Field Exec PL 5  eff:64149  armour:heavy weapon:high-dmg-ar
30085,912,25,40,30,4,4,90,20,10,2,64149,23075,901025,PG 30080 Field Exec PL 6  eff:64149  armour:heavy weapon:high-dmg-ar
30086,1038,30,40,30,5,4,90,20,10,2,64149,23076,901026,PG 30080 Field Exec PL 7  eff:64149  armour:heavy weapon:high-dmg-ar
30087,1188,35,40,30,6,4,90,20,10,3,64149,23077,901027,PG 30080 Field Exec PL 8  eff:64149  armour:heavy weapon:high-dmg-ar
30088,1350,40,40,30,7,4,90,20,10,3,64149,23078,901028,PG 30080 Field Exec PL 9  eff:64149  armour:heavy weapon:high-dmg-ar
30089,1538,45,40,30,7,4,90,20,10,3,64149,23079,901029,PG 30080 Field Exec PL 10  eff:64149  armour:heavy weapon:high-dmg-ar
30090,1725,48,40,30,8,4,90,20,10,3,64149,900060,901030,PG 30080 Field Exec PL 11  eff:64149  armour:heavy weapon:high-dmg-ar
30091,1938,52,40,30,8,4,90,20,10,3,64149,900061,901031,PG 30080 Field Exec PL 12  eff:64149  armour:heavy weapon:high-dmg-ar
30092,2175,55,40,30,9,5,90,20,10,4,64149,900062,901032,PG 30080 Field Exec PL 13  eff:64149  armour:heavy weapon:high-dmg-ar
30093,2438,58,40,30,9,5,90,20,10,4,64149,900063,901033,PG 30080 Field Exec PL 14  eff:64149  armour:heavy weapon:high-dmg-ar
30094,2725,62,40,30,10,5,90,20,10,4,64149,900064,901034,PG 30080 Field Exec PL 15  eff:64149  armour:heavy weapon:high-dmg-ar
30095,3050,65,40,30,10,5,90,20,10,4,64149,900065,901035,PG 30080 Field Exec PL 16  eff:64149  armour:heavy weapon:high-dmg-ar
30096,3412,68,40,30,11,6,90,20,10,5,64149,900066,901036,PG 30080 Field Exec PL 17  eff:64149  armour:heavy weapon:high-dmg-ar
30097,3825,72,40,30,11,6,90,20,10,5,64149,900067,901037,PG 30080 Field Exec PL 18  eff:64149  armour:heavy weapon:high-dmg-ar
30098,4288,75,40,30,12,6,90,20,10,5,64149,900068,901038,PG 30080 Field Exec PL 19  eff:64149  armour:heavy weapon:high-dmg-ar
30099,4800,78,40,30,13,6,90,20,10,5,64149,900069,901039,PG 30080 Field Exec PL 20  eff:64149  armour:heavy weapon:high-dmg-ar
30100,360,15,40,10,1,2,90,20,10,1,64146,900160,901060,PG 30100 J7 Mecha PL 1  eff:64146  armour:drone-infantry weapon:blade5
30101,396,17,40,10,1,2,90,20,10,1,64146,900161,901061,PG 30100 J7 Mecha PL 2  eff:64146  armour:drone-infantry weapon:blade5
30102,432,19,40,10,2,2,90,20,10,1,64146,900162,901062,PG 30100 J7 Mecha PL 3  eff:64146  armour:drone-infantry weapon:blade5
30103,477,21,40,20,2,2,90,20,10,2,64146,900163,901063,PG 30100 J7 Mecha PL 4  eff:64146  armour:drone-infantry weapon:blade5
30104,522,23,40,20,3,3,90,20,10,2,64146,900164,901064,PG 30100 J7 Mecha PL 5  eff:64146  armour:drone-infantry weapon:blade5
30105,585,25,40,20,4,3,90,20,10,2,64146,900165,901065,PG 30100 J7 Mecha PL 6  eff:64146  armour:drone-infantry weapon:blade5
30106,657,30,40,20,5,3,90,20,10,2,64146,900166,901066,PG 30100 J7 Mecha PL 7  eff:64146  armour:drone-infantry weapon:blade5
30107,738,35,40,30,6,3,90,20,10,3,64146,900167,901067,PG 30100 J7 Mecha PL 8  eff:64146  armour:drone-infantry weapon:blade5
30108,828,40,40,30,6,4,90,20,10,3,64146,900168,901068,PG 30100 J7 Mecha PL 9  eff:64146  armour:drone-infantry weapon:blade5
30109,927,45,40,30,7,4,90,20,10,3,64146,900169,901069,PG 30100 J7 Mecha PL 10  eff:64146  armour:drone-infantry weapon:blade5
30110,999,48,40,30,8,4,90,20,10,3,64146,900010,901070,PG 30100 J7 Mecha PL 11  eff:64146  armour:drone-infantry weapon:blade5
30111,1080,52,40,30,8,4,90,20,10,3,64146,900011,901071,PG 30100 J7 Mecha PL 12  eff:64146  armour:drone-infantry weapon:blade5
30112,1170,55,40,40,9,5,90,20,10,4,64146,900012,901072,PG 30100 J7 Mecha PL 13  eff:64146  armour:drone-infantry weapon:blade5
30113,1260,58,40,40,10,5,90,20,10,4,64146,900013,901073,PG 30100 J7 Mecha PL 14  eff:64146  armour:drone-infantry weapon:blade5
30114,1359,62,40,40,10,5,90,20,10,4,64146,900014,901074,PG 30100 J7 Mecha PL 15  eff:64146  armour:drone-infantry weapon:blade5
30115,1467,65,40,40,11,5,90,20,10,4,64146,900015,901075,PG 30100 J7 Mecha PL 16  eff:64146  armour:drone-infantry weapon:blade5
30116,1584,68,40,50,12,6,90,20,10,5,64146,900016,901076,PG 30100 J7 Mecha PL 17  eff:64146  armour:drone-infantry weapon:blade5
30117,1710,72,40,50,12,6,90,20,10,5,64146,900017,901077,PG 30100 J7 Mecha PL 18  eff:64146  armour:drone-infantry weapon:blade5
30118,1845,75,40,50,13,6,90,20,10,5,64146,900018,901078,PG 30100 J7 Mecha PL 19  eff:64146  armour:drone-infantry weapon:blade5
30119,1989,78,40,50,14,6,90,20,10,5,64146,900019,901079,PG 30100 J7 Mecha PL 20  eff:64146  armour:drone-infantry weapon:blade5
30120,250,10,40,20,0,1,90,18,10,1,,23130,901000,PG 30120 J4 FireCOM PL 1  eff:0  armour:adaptive weapon:jfam
30121,297,12,40,20,1,1,90,18,10,1,,23131,901001,PG 30120 J4 FireCOM PL 2  eff:0  armour:adaptive weapon:jfam
30122,322,14,40,20,1,1,95,18,10,1,,23132,901002,PG 30120 J4 FireCOM PL 3  eff:0  armour:adaptive weapon:jfam
30123,362,16,40,20,2,1,95,18,10,2,,23133,901003,PG 30120 J4 FireCOM PL 4  eff:0  armour:adaptive weapon:jfam
30124,375,18,40,20,3,1,100,18,10,2,,23134,901004,PG 30120 J4 FireCOM PL 5  eff:0  armour:adaptive weapon:jfam
30125,400,20,40,20,3,1,100,18,10,2,,23135,901005,PG 30120 J4 FireCOM PL 6  eff:0  armour:adaptive weapon:jfam
30126,425,22,40,20,4,1,105,18,10,2,,23136,901006,PG 30120 J4 FireCOM PL 7  eff:0  armour:adaptive weapon:jfam
30127,450,24,40,20,4,1,105,18,10,3,,23137,901007,PG 30120 J4 FireCOM PL 8  eff:0  armour:adaptive weapon:jfam
30128,475,26,40,20,4,1,110,18,10,3,,23138,901008,PG 30120 J4 FireCOM PL 9  eff:0  armour:adaptive weapon:jfam
30129,500,30,40,20,5,1,115,18,10,3,,23139,901009,PG 30120 J4 FireCOM PL 10  eff:0  armour:adaptive weapon:jfam
30130,525,32,40,20,6,1,118,18,10,3,,23140,901010,PG 30120 J4 FireCOM PL 11  eff:0  armour:adaptive weapon:jfam
30131,562,34,40,20,6,1,121,18,10,3,,23141,901011,PG 30120 J4 FireCOM PL 12  eff:0  armour:adaptive weapon:jfam
30132,600,37,40,20,7,1,123,18,10,4,,23142,901012,PG 30120 J4 FireCOM PL 13  eff:0  armour:adaptive weapon:jfam
30133,638,39,40,20,7,1,126,18,10,4,,23143,901013,PG 30120 J4 FireCOM PL 14  eff:0  armour:adaptive weapon:jfam
30134,675,41,40,20,8,1,129,18,10,4,,23144,901014,PG 30120 J4 FireCOM PL 15  eff:0  armour:adaptive weapon:jfam
30135,712,43,40,20,8,1,132,18,10,4,,23145,901015,PG 30120 J4 FireCOM PL 16  eff:0  armour:adaptive weapon:jfam
30136,750,46,40,20,9,1,134,18,10,5,,23146,901016,PG 30120 J4 FireCOM PL 17  eff:0  armour:adaptive weapon:jfam
30137,800,48,40,20,9,1,137,18,10,5,,23147,901017,PG 30120 J4 FireCOM PL 18  eff:0  armour:adaptive weapon:jfam
30138,850,50,40,20,10,1,140,18,10,5,,23148,901018,PG 30120 J4 FireCOM PL 19  eff:0  armour:adaptive weapon:jfam
30139,900,52,40,20,11,1,143,18,10,5,,23149,901019,PG 30120 J4 FireCOM PL 20  eff:0  armour:adaptive weapon:jfam
30140,324,20,40,20,2,2,120,18,10,1,64158,21001,901000,PG 30140 J2 Anchor PL 1  eff:64158  armour:adaptive weapon:revolver
30141,351,21,40,20,2,2,120,18,10,1,64158,21002,901001,PG 30140 J2 Anchor PL 2  eff:64158  armour:adaptive weapon:revolver
30142,378,22,40,20,3,2,120,18,10,1,64158,21003,901002,PG 30140 J2 Anchor PL 3  eff:64158  armour:adaptive weapon:revolver
30143,405,23,40,20,3,2,130,18,10,1,64158,21004,901003,PG 30140 J2 Anchor PL 4  eff:64158  armour:adaptive weapon:revolver
30144,432,24,40,30,4,2,130,18,10,1,64158,21005,901004,PG 30140 J2 Anchor PL 5  eff:64158  armour:adaptive weapon:revolver
30145,472,25,40,30,4,2,140,18,10,2,64158,21006,901005,PG 30140 J2 Anchor PL 6  eff:64158  armour:adaptive weapon:revolver
30146,513,26,40,30,5,2,140,18,10,2,64158,21007,901006,PG 30140 J2 Anchor PL 7  eff:64158  armour:adaptive weapon:revolver
30147,554,27,40,30,6,2,160,18,10,2,64158,21008,901007,PG 30140 J2 Anchor PL 8  eff:64158  armour:adaptive weapon:revolver
30148,608,28,40,30,7,2,160,18,10,3,64158,21009,901008,PG 30140 J2 Anchor PL 9  eff:64158  armour:adaptive weapon:revolver
30149,675,29,40,30,7,2,180,18,10,3,64158,21010,901009,PG 30140 J2 Anchor PL 10  eff:64158  armour:adaptive weapon:revolver
30150,729,30,40,30,8,2,187,18,10,3,64158,21011,901010,PG 30140 J2 Anchor PL 11  eff:64158  armour:adaptive weapon:revolver
30151,783,31,40,30,8,2,193,18,10,3,64158,21012,901011,PG 30140 J2 Anchor PL 12  eff:64158  armour:adaptive weapon:revolver
30152,850,32,40,30,9,2,200,18,10,4,64158,21013,901012,PG 30140 J2 Anchor PL 13  eff:64158  armour:adaptive weapon:revolver
30153,918,33,40,30,9,2,207,18,10,4,64158,21014,901013,PG 30140 J2 Anchor PL 14  eff:64158  armour:adaptive weapon:revolver
30154,986,34,40,40,10,2,213,18,10,4,64158,21015,901014,PG 30140 J2 Anchor PL 15  eff:64158  armour:adaptive weapon:revolver
30155,1066,35,40,40,10,2,220,18,10,4,64158,21016,901015,PG 30140 J2 Anchor PL 16  eff:64158  armour:adaptive weapon:revolver
30156,1148,36,40,40,11,2,227,18,10,5,64158,21017,901016,PG 30140 J2 Anchor PL 17  eff:64158  armour:adaptive weapon:revolver
30157,1242,37,40,40,11,2,233,18,10,5,64158,21018,901017,PG 30140 J2 Anchor PL 18  eff:64158  armour:adaptive weapon:revolver
30158,1336,38,40,40,12,2,240,18,10,5,64158,21019,901018,PG 30140 J2 Anchor PL 19  eff:64158  armour:adaptive weapon:revolver
30159,1444,39,40,40,13,2,247,18,10,5,64158,21020,901019,PG 30140 J2 Anchor PL 20  eff:64158  armour:adaptive weapon:revolver
30160,250,10,40,20,1,3,90,22,10,1,,23130,901020,PG 30160 J3 Extinguisher PL 1  eff:0  armour:heavy weapon:jfam
30161,270,12,40,20,1,3,90,22,10,1,,23131,901021,PG 30160 J3 Extinguisher PL 2  eff:0  armour:heavy weapon:jfam
30162,280,14,40,20,2,3,95,22,10,1,,23132,901022,PG 30160 J3 Extinguisher PL 3  eff:0  armour:heavy weapon:jfam
30163,290,16,40,20,2,3,95,22,10,2,,23133,901023,PG 30160 J3 Extinguisher PL 4  eff:0  armour:heavy weapon:jfam
30164,300,18,40,20,3,3,100,22,10,2,,23134,901024,PG 30160 J3 Extinguisher PL 5  eff:0  armour:heavy weapon:jfam
30165,320,20,40,20,4,3,100,22,10,2,,23135,901025,PG 30160 J3 Extinguisher PL 6  eff:0  armour:heavy weapon:jfam
30166,340,22,40,20,5,3,105,22,10,2,,23136,901026,PG 30160 J3 Extinguisher PL 7  eff:0  armour:heavy weapon:jfam
30167,360,24,40,20,6,3,105,22,10,3,,23137,901027,PG 30160 J3 Extinguisher PL 8  eff:0  armour:heavy weapon:jfam
30168,380,26,40,20,6,3,110,22,10,3,,23138,901028,PG 30160 J3 Extinguisher PL 9  eff:0  armour:heavy weapon:jfam
30169,400,30,40,20,7,3,115,22,10,3,,23139,901029,PG 30160 J3 Extinguisher PL 10  eff:0  armour:heavy weapon:jfam
30170,420,32,40,20,8,3,118,22,10,3,,23140,901030,PG 30160 J3 Extinguisher PL 11  eff:0  armour:heavy weapon:jfam
30171,450,34,40,20,8,3,121,22,10,3,,23141,901031,PG 30160 J3 Extinguisher PL 12  eff:0  armour:heavy weapon:jfam
30172,480,37,40,20,9,3,123,22,10,4,,23142,901032,PG 30160 J3 Extinguisher PL 13  eff:0  armour:heavy weapon:jfam
30173,510,39,40,20,10,3,126,22,10,4,,23143,901033,PG 30160 J3 Extinguisher PL 14  eff:0  armour:heavy weapon:jfam
30174,540,41,40,20,10,3,129,22,10,4,,23144,901034,PG 30160 J3 Extinguisher PL 15  eff:0  armour:heavy weapon:jfam
30175,570,43,40,20,11,3,132,22,10,4,,23145,901035,PG 30160 J3 Extinguisher PL 16  eff:0  armour:heavy weapon:jfam
30176,600,46,40,20,12,3,134,22,10,5,,23146,901036,PG 30160 J3 Extinguisher PL 17  eff:0  armour:heavy weapon:jfam
30177,640,48,40,20,12,3,137,22,10,5,,23147,901037,PG 30160 J3 Extinguisher PL 18  eff:0  armour:heavy weapon:jfam
30178,680,50,40,20,13,3,140,22,10,5,,23148,901038,PG 30160 J3 Extinguisher PL 19  eff:0  armour:heavy weapon:jfam
30179,720,52,40,20,14,3,143,22,10,5,,23149,901039,PG 30160 J3 Extinguisher PL 20  eff:0  armour:heavy weapon:jfam
40000,200,10,40,20,0,1,60,18,10,1,,20000,22000,PG 40000 WB Guard PL 1  eff:0  armour:guard-standard weapon:guard-rifle
40001,210,12,40,20,1,1,65,18,10,1,,20001,22001,PG 40000 WB Guard PL 2  eff:0  armour:guard-standard weapon:guard-rifle
40002,220,14,40,20,1,1,70,18,10,1,,20002,22002,PG 40000 WB Guard PL 3  eff:0  armour:guard-standard weapon:guard-rifle
40003,230,16,40,20,2,1,75,18,10,1,,20003,22003,PG 40000 WB Guard PL 4  eff:0  armour:guard-standard weapon:guard-rifle
40004,240,18,40,20,3,1,80,18,10,2,,20004,22004,PG 40000 WB Guard PL 5  eff:0  armour:guard-standard weapon:guard-rifle
40005,250,20,40,20,3,1,86,18,10,2,,20005,22005,PG 40000 WB Guard PL 6  eff:0  armour:guard-standard weapon:guard-rifle
40006,240,20,40,20,2,2,120,18,10,1,64158,21001,901020,PG 40001 WB Captain PL 1  eff:64158  armour:heavy weapon:revolver
40007,260,21,40,20,2,2,120,18,10,1,64158,21002,901021,PG 40001 WB Captain PL 2  eff:64158  armour:heavy weapon:revolver
40008,280,22,40,20,3,2,120,18,10,1,64158,21003,901022,PG 40001 WB Captain PL 3  eff:64158  armour:heavy weapon:revolver
40009,300,23,40,20,3,2,130,18,10,1,64158,21004,901023,PG 40001 WB Captain PL 4  eff:64158  armour:heavy weapon:revolver
40010,320,24,40,30,4,2,130,18,10,1,64158,21005,901024,PG 40001 WB Captain PL 5  eff:64158  armour:heavy weapon:revolver
40011,350,25,40,30,4,2,140,18,10,2,64158,21006,901025,PG 40001 WB Captain PL 6  eff:64158  armour:heavy weapon:revolver
40012,250,20,40,20,1,1,90,18,10,1,,22000,901000,PG 40002 WB Assault PL 1  eff:0  armour:adaptive weapon:shotgun
40013,270,23,40,20,1,1,90,18,10,1,,22001,901001,PG 40002 WB Assault PL 2  eff:0  armour:adaptive weapon:shotgun
40014,280,26,40,20,2,1,95,18,10,1,,22002,901002,PG 40002 WB Assault PL 3  eff:0  armour:adaptive weapon:shotgun
40015,290,29,40,20,2,1,95,18,10,1,,22003,901003,PG 40002 WB Assault PL 4  eff:0  armour:adaptive weapon:shotgun
40016,300,32,40,20,3,1,100,18,10,1,,22004,901004,PG 40002 WB Assault PL 5  eff:0  armour:adaptive weapon:shotgun
40017,320,35,40,20,4,1,100,18,10,2,,22005,901005,PG 40002 WB Assault PL 6  eff:0  armour:adaptive weapon:shotgun
40018,340,38,40,20,5,1,105,18,10,2,,22006,901006,PG 40002 WB Assault PL 7  eff:0  armour:adaptive weapon:shotgun
40019,360,40,40,20,6,1,105,18,10,2,,22007,901007,PG 40002 WB Assault PL 8  eff:0  armour:adaptive weapon:shotgun
40020,380,40,40,20,6,1,110,18,10,2,,22008,901008,PG 40002 WB Assault PL 9  eff:0  armour:adaptive weapon:shotgun
40021,400,40,40,20,7,1,115,18,10,2,,22009,901009,PG 40002 WB Assault PL 10  eff:0  armour:adaptive weapon:shotgun
40022,380,26,40,30,5,2,140,18,10,2,64158,21007,901026,PG 40001 WB Captain PL 7  eff:64158  armour:heavy weapon:revolver
40023,410,27,40,30,6,2,160,18,10,2,64158,21008,901027,PG 40001 WB Captain PL 8  eff:64158  armour:heavy weapon:revolver
40024,450,28,40,30,7,2,160,18,10,3,64158,21009,901028,PG 40001 WB Captain PL 9  eff:64158  armour:heavy weapon:revolver
40025,500,29,40,30,7,2,180,18,10,3,64158,21010,901029,PG 40001 WB Captain PL 10  eff:64158  armour:heavy weapon:revolver
40026,270,22,40,20,4,1,90,18,10,2,,20006,22006,PG 40000 WB Guard PL 7  eff:0  armour:guard-standard weapon:guard-rifle
40027,290,24,40,20,4,1,90,18,10,3,,20007,22007,PG 40000 WB Guard PL 8  eff:0  armour:guard-standard weapon:guard-rifle
40028,310,26,40,20,4,1,90,18,10,3,,20008,22008,PG 40000 WB Guard PL 9  eff:0  armour:guard-standard weapon:guard-rifle
40029,330,30,40,20,5,1,90,18,10,3,,20009,22009,PG 40000 WB Guard PL 10  eff:0  armour:guard-standard weapon:guard-rifle
40030,250,10,40,20,0,1,90,18,10,1,,23030,901000,PG 40003 WB FireCOM PL 1  eff:0  armour:adaptive weapon:bullpup
40031,270,12,40,20,1,1,90,18,10,1,,23031,901001,PG 40003 WB FireCOM PL 2  eff:0  armour:adaptive weapon:bullpup
40032,280,14,40,20,1,1,95,18,10,1,,23032,901002,PG 40003 WB FireCOM PL 3  eff:0  armour:adaptive weapon:bullpup
40033,290,16,40,20,2,1,95,18,10,1,,23033,901003,PG 40003 WB FireCOM PL 4  eff:0  armour:adaptive weapon:bullpup
40034,300,18,40,20,3,1,100,18,10,2,,23034,901004,PG 40003 WB FireCOM PL 5  eff:0  armour:adaptive weapon:bullpup
40035,320,20,40,20,3,1,100,18,10,2,,23035,901005,PG 40003 WB FireCOM PL 6  eff:0  armour:adaptive weapon:bullpup
40036,340,22,40,20,4,1,105,18,10,2,,23036,901006,PG 40003 WB FireCOM PL 7  eff:0  armour:adaptive weapon:bullpup
40037,360,24,40,20,4,1,105,18,10,3,,23037,901007,PG 40003 WB FireCOM PL 8  eff:0  armour:adaptive weapon:bullpup
40038,380,26,40,20,4,1,110,18,10,3,,23038,901008,PG 40003 WB FireCOM PL 9  eff:0  armour:adaptive weapon:bullpup
40039,400,30,40,20,5,1,115,18,10,3,,23039,901009,PG 40003 WB FireCOM PL 10  eff:0  armour:adaptive weapon:bullpup
40040,400,20,40,30,2,2,120,20,10,1,64149,21001,22400,PG 40040 Braun Rook PL 1  eff:64149  armour:superheavy weapon:revolver
40041,450,21,40,30,2,2,120,20,10,1,64149,21002,22401,PG 40040 Braun Rook PL 2  eff:64149  armour:superheavy weapon:revolver
40042,500,22,40,30,3,2,120,20,10,1,64149,21003,22402,PG 40040 Braun Rook PL 3  eff:64149  armour:superheavy weapon:revolver
40043,560,23,40,30,3,3,130,20,10,1,64149,21004,22403,PG 40040 Braun Rook PL 4  eff:64149  armour:superheavy weapon:revolver
40044,640,24,40,30,4,3,130,20,10,1,64149,21005,22404,PG 40040 Braun Rook PL 5  eff:64149  armour:superheavy weapon:revolver
40045,730,25,40,30,4,4,140,20,10,2,64149,21006,22405,PG 40040 Braun Rook PL 6  eff:64149  armour:superheavy weapon:revolver
40046,830,26,40,30,5,4,140,20,10,2,64149,21007,22406,PG 40040 Braun Rook PL 7  eff:64149  armour:superheavy weapon:revolver
40047,950,27,40,30,6,4,160,20,10,2,64149,21008,22407,PG 40040 Braun Rook PL 8  eff:64149  armour:superheavy weapon:revolver
40048,1080,28,40,30,7,4,160,20,10,3,64149,21009,22408,PG 40040 Braun Rook PL 9  eff:64149  armour:superheavy weapon:revolver
40049,1230,29,40,30,7,4,180,20,10,3,64149,21010,22409,PG 40040 Braun Rook PL 10  eff:64149  armour:superheavy weapon:revolver
40100,200,10,40,20,0,1,60,18,10,1,,20000,22000,PG 40100 T-REX PL 1  eff:0  armour:guard-standard weapon:guard-rifle
40101,250,20,40,20,1,1,90,18,10,1,,22000,901000,PG 40101 T-Assault PL 1  eff:0  armour:adaptive weapon:shotgun
40102,240,20,40,20,2,2,120,18,10,1,64158,21001,901020,PG 40102 T-Capt PL 1  eff:64158  armour:heavy weapon:revolver
40103,210,12,40,20,1,1,65,18,10,1,,20001,22001,PG 40100 T-REX PL 2  eff:0  armour:guard-standard weapon:guard-rifle
40104,220,14,40,20,1,1,70,18,10,1,,20002,22002,PG 40100 T-REX PL 3  eff:0  armour:guard-standard weapon:guard-rifle
40105,230,16,40,20,2,1,75,18,10,1,,20003,22003,PG 40100 T-REX PL 4  eff:0  armour:guard-standard weapon:guard-rifle
40106,240,18,40,20,3,1,80,18,10,2,,20004,22004,PG 40100 T-REX PL 5  eff:0  armour:guard-standard weapon:guard-rifle
40107,250,20,40,20,3,1,86,18,10,2,,20005,22005,PG 40100 T-REX PL 6  eff:0  armour:guard-standard weapon:guard-rifle
40108,270,22,40,20,4,1,90,18,10,2,,20006,22006,PG 40100 T-REX PL 7  eff:0  armour:guard-standard weapon:guard-rifle
40109,290,24,40,20,4,1,90,18,10,3,,20007,22007,PG 40100 T-REX PL 8  eff:0  armour:guard-standard weapon:guard-rifle
40110,310,26,40,20,4,1,90,18,10,3,,20008,22008,PG 40100 T-REX PL 9  eff:0  armour:guard-standard weapon:guard-rifle
40111,330,30,40,20,5,1,90,18,10,3,,20009,22009,PG 40100 T-REX PL 10  eff:0  armour:guard-standard weapon:guard-rifle
40112,260,21,40,20,2,2,120,18,10,1,64158,21002,901021,PG 40102 T-Capt PL 2  eff:64158  armour:heavy weapon:revolver
40113,280,22,40,20,3,2,120,18,10,1,64158,21003,901022,PG 40102 T-Capt PL 3  eff:64158  armour:heavy weapon:revolver
40114,300,23,40,20,3,2,130,18,10,1,64158,21004,901023,PG 40102 T-Capt PL 4  eff:64158  armour:heavy weapon:revolver
40115,320,24,40,30,4,2,130,18,10,1,64158,21005,901024,PG 40102 T-Capt PL 5  eff:64158  armour:heavy weapon:revolver
40116,350,25,40,30,4,2,140,18,10,2,64158,21006,901025,PG 40102 T-Capt PL 6  eff:64158  armour:heavy weapon:revolver
40117,380,26,40,30,5,2,140,18,10,2,64158,21007,901026,PG 40102 T-Capt PL 7  eff:64158  armour:heavy weapon:revolver
40118,410,27,40,30,6,2,160,18,10,2,64158,21008,901027,PG 40102 T-Capt PL 8  eff:64158  armour:heavy weapon:revolver
40119,450,28,40,30,7,2,160,18,10,3,64158,21009,901028,PG 40102 T-Capt PL 9  eff:64158  armour:heavy weapon:revolver
40120,500,29,40,30,7,2,180,18,10,3,64158,21010,901029,PG 40102 T-Capt PL 10  eff:64158  armour:heavy weapon:revolver
40121,270,23,40,20,1,1,90,18,10,1,,22001,901001,PG 40101 T-Assault PL 2  eff:0  armour:adaptive weapon:shotgun
40122,280,26,40,20,2,1,95,18,10,1,,22002,901002,PG 40101 T-Assault PL 3  eff:0  armour:adaptive weapon:shotgun
40123,290,29,40,20,2,1,95,18,10,1,,22003,901003,PG 40101 T-Assault PL 4  eff:0  armour:adaptive weapon:shotgun
40124,300,32,40,20,3,1,100,18,10,1,,22004,901004,PG 40101 T-Assault PL 5  eff:0  armour:adaptive weapon:shotgun
40125,320,35,40,20,4,1,100,18,10,2,,22005,901005,PG 40101 T-Assault PL 6  eff:0  armour:adaptive weapon:shotgun
40126,340,38,40,20,5,1,105,18,10,2,,22006,901006,PG 40101 T-Assault PL 7  eff:0  armour:adaptive weapon:shotgun
40127,360,40,40,20,6,1,105,18,10,2,,22007,901007,PG 40101 T-Assault PL 8  eff:0  armour:adaptive weapon:shotgun
40128,380,40,40,20,6,1,110,18,10,2,,22008,901008,PG 40101 T-Assault PL 9  eff:0  armour:adaptive weapon:shotgun
40129,400,40,40,20,7,1,115,18,10,2,,22009,901009,PG 40101 T-Assault PL 10  eff:0  armour:adaptive weapon:shotgun
40130,250,10,40,20,0,1,90,18,10,1,,23030,901000,PG 40130 T-FireCOM PL 1  eff:0  armour:adaptive weapon:bullpup
40131,270,12,40,20,1,1,90,18,10,1,,23031,901001,PG 40130 T-FireCOM PL 2  eff:0  armour:adaptive weapon:bullpup
40132,280,14,40,20,1,1,95,18,10,1,,23032,901002,PG 40130 T-FireCOM PL 3  eff:0  armour:adaptive weapon:bullpup
40133,290,16,40,20,2,1,95,18,10,1,,23033,901003,PG 40130 T-FireCOM PL 4  eff:0  armour:adaptive weapon:bullpup
40134,300,18,40,20,3,1,100,18,10,2,,23034,901004,PG 40130 T-FireCOM PL 5  eff:0  armour:adaptive weapon:bullpup
40135,320,20,40,20,3,1,100,18,10,2,,23035,901005,PG 40130 T-FireCOM PL 6  eff:0  armour:adaptive weapon:bullpup
40136,340,22,40,20,4,1,105,18,10,2,,23036,901006,PG 40130 T-FireCOM PL 7  eff:0  armour:adaptive weapon:bullpup
40137,360,24,40,20,4,1,105,18,10,3,,23037,901007,PG 40130 T-FireCOM PL 8  eff:0  armour:adaptive weapon:bullpup
40138,380,26,40,20,4,1,110,18,10,3,,23038,901008,PG 40130 T-FireCOM PL 9  eff:0  armour:adaptive weapon:bullpup
40139,400,30,40,20,5,1,115,18,10,3,,23039,901009,PG 40130 T-FireCOM PL 10  eff:0  armour:adaptive weapon:bullpup
40140,448,10,40,30,2,2,90,20,10,1,64149,23060,901020,PG 40140 2X Raptor PL 1  eff:64149  armour:heavy weapon:erifle
40141,504,12,40,30,2,2,90,20,10,1,64149,23061,901021,PG 40140 2X Raptor PL 2  eff:64149  armour:heavy weapon:erifle
40142,560,14,40,30,3,2,90,20,10,1,64149,23062,901022,PG 40140 2X Raptor PL 3  eff:64149  armour:heavy weapon:erifle
40143,627,16,40,30,3,3,90,20,10,1,64149,23063,901023,PG 40140 2X Raptor PL 4  eff:64149  armour:heavy weapon:erifle
40144,717,18,40,30,4,3,90,20,10,2,64149,23064,901024,PG 40140 2X Raptor PL 5  eff:64149  armour:heavy weapon:erifle
40145,818,20,40,30,4,4,90,20,10,2,64149,23065,901025,PG 40140 2X Raptor PL 6  eff:64149  armour:heavy weapon:erifle
40146,930,22,40,30,5,4,90,20,10,2,64149,23066,901026,PG 40140 2X Raptor PL 7  eff:64149  armour:heavy weapon:erifle
40147,1064,24,40,30,6,4,90,20,10,2,64149,23067,901027,PG 40140 2X Raptor PL 8  eff:64149  armour:heavy weapon:erifle
40148,1210,26,40,30,7,4,90,20,10,2,64149,23068,901028,PG 40140 2X Raptor PL 9  eff:64149  armour:heavy weapon:erifle
40149,1378,30,40,30,7,4,90,20,10,2,64149,23069,901029,PG 40140 2X Raptor PL 10  eff:64149  armour:heavy weapon:erifle
40150,340,32,40,20,6,1,93,18,10,3,,20010,22010,PG 40100 T-REX PL 11  eff:0  armour:guard-standard weapon:guard-rifle
40151,360,34,40,20,6,1,97,18,10,3,,20011,22011,PG 40100 T-REX PL 12  eff:0  armour:guard-standard weapon:guard-rifle
40152,380,37,40,20,7,1,100,18,10,4,,20012,22012,PG 40100 T-REX PL 13  eff:0  armour:guard-standard weapon:guard-rifle
40153,400,39,40,20,7,1,103,18,10,4,,20013,22013,PG 40100 T-REX PL 14  eff:0  armour:guard-standard weapon:guard-rifle
40154,420,41,40,20,8,1,107,18,10,4,,20014,22014,PG 40100 T-REX PL 15  eff:0  armour:guard-standard weapon:guard-rifle
40155,440,43,40,20,8,1,110,18,10,4,,20015,22015,PG 40100 T-REX PL 16  eff:0  armour:guard-standard weapon:guard-rifle
40156,470,46,40,20,9,1,113,18,10,5,,20016,22016,PG 40100 T-REX PL 17  eff:0  armour:guard-standard weapon:guard-rifle
40157,500,48,40,20,9,1,117,18,10,5,,20017,22017,PG 40100 T-REX PL 18  eff:0  armour:guard-standard weapon:guard-rifle
40158,530,50,40,20,10,1,120,18,10,5,,20018,22018,PG 40100 T-REX PL 19  eff:0  armour:guard-standard weapon:guard-rifle
40159,560,52,40,20,11,1,123,18,10,5,,20019,22019,PG 40100 T-REX PL 20  eff:0  armour:guard-standard weapon:guard-rifle
40160,540,30,40,30,8,2,187,18,10,3,64158,21011,901030,PG 40102 T-Capt PL 11  eff:64158  armour:heavy weapon:revolver
40161,580,31,40,30,8,2,193,18,10,3,64158,21012,901031,PG 40102 T-Capt PL 12  eff:64158  armour:heavy weapon:revolver
40162,630,32,40,30,9,2,200,18,10,4,64158,21013,901032,PG 40102 T-Capt PL 13  eff:64158  armour:heavy weapon:revolver
40163,680,33,40,30,9,2,207,18,10,4,64158,21014,901033,PG 40102 T-Capt PL 14  eff:64158  armour:heavy weapon:revolver
40164,730,34,40,40,10,2,213,18,10,4,64158,21015,901034,PG 40102 T-Capt PL 15  eff:64158  armour:heavy weapon:revolver
40165,790,35,40,40,10,2,220,18,10,4,64158,21016,901035,PG 40102 T-Capt PL 16  eff:64158  armour:heavy weapon:revolver
40166,850,36,40,40,11,2,227,18,10,5,64158,21017,901036,PG 40102 T-Capt PL 17  eff:64158  armour:heavy weapon:revolver
40167,920,37,40,40,11,2,233,18,10,5,64158,21018,901037,PG 40102 T-Capt PL 18  eff:64158  armour:heavy weapon:revolver
40168,990,38,40,40,12,2,240,18,10,5,64158,21019,901038,PG 40102 T-Capt PL 19  eff:64158  armour:heavy weapon:revolver
40169,1070,39,40,40,13,2,247,18,10,5,64158,21020,901039,PG 40102 T-Capt PL 20  eff:64158  armour:heavy weapon:revolver
40170,420,42,40,20,8,1,118,18,10,2,,22010,901010,PG 40101 T-Assault PL 11  eff:0  armour:adaptive weapon:shotgun
40171,450,44,40,20,8,1,121,18,10,2,,22011,901011,PG 40101 T-Assault PL 12  eff:0  armour:adaptive weapon:shotgun
40172,480,47,40,20,9,1,123,18,10,2,,22012,901012,PG 40101 T-Assault PL 13  eff:0  armour:adaptive weapon:shotgun
40173,510,49,40,20,10,1,126,18,10,2,,22013,901013,PG 40101 T-Assault PL 14  eff:0  armour:adaptive weapon:shotgun
40174,540,51,40,20,10,1,129,18,10,3,,22014,901014,PG 40101 T-Assault PL 15  eff:0  armour:adaptive weapon:shotgun
40175,570,53,40,20,11,1,132,18,10,3,,22015,901015,PG 40101 T-Assault PL 16  eff:0  armour:adaptive weapon:shotgun
40176,600,56,40,20,12,1,134,18,10,3,,22016,901016,PG 40101 T-Assault PL 17  eff:0  armour:adaptive weapon:shotgun
40177,640,58,40,20,12,1,137,18,10,3,,22017,901017,PG 40101 T-Assault PL 18  eff:0  armour:adaptive weapon:shotgun
40178,680,60,40,20,13,1,140,18,10,3,,22018,901018,PG 40101 T-Assault PL 19  eff:0  armour:adaptive weapon:shotgun
40179,720,62,40,20,14,1,143,18,10,3,,22019,901019,PG 40101 T-Assault PL 20  eff:0  armour:adaptive weapon:shotgun
40180,420,32,40,20,6,1,118,18,10,3,,23040,901010,PG 40130 T-FireCOM PL 11  eff:0  armour:adaptive weapon:bullpup
40181,450,34,40,20,6,1,121,18,10,3,,23041,901011,PG 40130 T-FireCOM PL 12  eff:0  armour:adaptive weapon:bullpup
40182,480,37,40,20,7,1,123,18,10,4,,23042,901012,PG 40130 T-FireCOM PL 13  eff:0  armour:adaptive weapon:bullpup
40183,510,39,40,20,7,1,126,18,10,4,,23043,901013,PG 40130 T-FireCOM PL 14  eff:0  armour:adaptive weapon:bullpup
40184,540,41,40,20,8,1,129,18,10,4,,23044,901014,PG 40130 T-FireCOM PL 15  eff:0  armour:adaptive weapon:bullpup
40185,570,43,40,20,8,1,132,18,10,4,,23045,901015,PG 40130 T-FireCOM PL 16  eff:0  armour:adaptive weapon:bullpup
40186,600,46,40,20,9,1,134,18,10,5,,23046,901016,PG 40130 T-FireCOM PL 17  eff:0  armour:adaptive weapon:bullpup
40187,640,48,40,20,9,1,137,18,10,5,,23047,901017,PG 40130 T-FireCOM PL 18  eff:0  armour:adaptive weapon:bullpup
40188,680,50,40,20,10,1,140,18,10,5,,23048,901018,PG 40130 T-FireCOM PL 19  eff:0  armour:adaptive weapon:bullpup
40189,720,52,40,20,11,1,143,18,10,5,,23049,901019,PG 40130 T-FireCOM PL 20  eff:0  armour:adaptive weapon:bullpup
40190,1546,32,40,30,8,4,90,20,10,2,64149,900050,901030,PG 40140 2X Raptor PL 11  eff:64149  armour:heavy weapon:erifle
40191,1736,34,40,30,8,4,90,20,10,2,64149,900051,901031,PG 40140 2X Raptor PL 12  eff:64149  armour:heavy weapon:erifle
40192,1949,37,40,30,9,5,90,20,10,2,64149,900052,901032,PG 40140 2X Raptor PL 13  eff:64149  armour:heavy weapon:erifle
40193,2184,39,40,30,9,5,90,20,10,2,64149,900053,901033,PG 40140 2X Raptor PL 14  eff:64149  armour:heavy weapon:erifle
40194,2442,41,40,30,10,5,90,20,10,3,64149,900054,901034,PG 40140 2X Raptor PL 15  eff:64149  armour:heavy weapon:erifle
40195,2733,43,40,30,10,5,90,20,10,3,64149,900055,901035,PG 40140 2X Raptor PL 16  eff:64149  armour:heavy weapon:erifle
40196,3058,46,40,30,11,6,90,20,10,3,64149,900056,901036,PG 40140 2X Raptor PL 17  eff:64149  armour:heavy weapon:erifle
40197,3427,48,40,30,11,6,90,20,10,3,64149,900057,901037,PG 40140 2X Raptor PL 18  eff:64149  armour:heavy weapon:erifle
40198,3842,50,40,30,12,6,90,20,10,3,64149,900058,901038,PG 40140 2X Raptor PL 19  eff:64149  armour:heavy weapon:erifle
40199,4301,52,40,30,13,6,90,20,10,3,64149,900059,901039,PG 40140 2X Raptor PL 20  eff:64149  armour:heavy weapon:erifle
40200,210,10,40,20,0,3,60,18,10,1,,20000,22000,PG 40150 T-SIG Corp PL 1  eff:0  armour:guard-standard weapon:guard-rifle
40201,220,12,40,20,1,3,65,18,10,1,,20001,22001,PG 40150 T-SIG Corp PL 2  eff:0  armour:guard-standard weapon:guard-rifle
40202,242,14,40,20,1,3,70,18,10,1,,20002,22002,PG 40150 T-SIG Corp PL 3  eff:0  armour:guard-standard weapon:guard-rifle
40203,253,16,40,20,2,3,75,18,10,1,,20003,22003,PG 40150 T-SIG Corp PL 4  eff:0  armour:guard-standard weapon:guard-rifle
40204,270,18,40,20,3,3,80,18,10,2,,20004,22004,PG 40150 T-SIG Corp PL 5  eff:0  armour:guard-standard weapon:guard-rifle
40205,286,20,40,20,3,3,86,18,10,2,,20005,22005,PG 40150 T-SIG Corp PL 6  eff:0  armour:guard-standard weapon:guard-rifle
40206,315,22,40,20,4,3,90,18,10,2,,20006,22006,PG 40150 T-SIG Corp PL 7  eff:0  armour:guard-standard weapon:guard-rifle
40207,344,24,40,20,4,3,90,18,10,3,,20007,22007,PG 40150 T-SIG Corp PL 8  eff:0  armour:guard-standard weapon:guard-rifle
40208,374,26,40,20,4,3,90,18,10,3,,20008,22008,PG 40150 T-SIG Corp PL 9  eff:0  armour:guard-standard weapon:guard-rifle
40209,404,30,40,20,5,3,90,18,10,3,,20009,22009,PG 40150 T-SIG Corp PL 10  eff:0  armour:guard-standard weapon:guard-rifle
40210,423,32,40,20,6,3,93,18,10,3,,20010,22010,PG 40150 T-SIG Corp PL 11  eff:0  armour:guard-standard weapon:guard-rifle
40211,455,34,40,20,6,3,97,18,10,3,,20011,22011,PG 40150 T-SIG Corp PL 12  eff:0  armour:guard-standard weapon:guard-rifle
40212,488,37,40,20,7,3,100,18,10,4,,20012,22012,PG 40150 T-SIG Corp PL 13  eff:0  armour:guard-standard weapon:guard-rifle
40213,522,39,40,20,7,3,103,18,10,4,,20013,22013,PG 40150 T-SIG Corp PL 14  eff:0  armour:guard-standard weapon:guard-rifle
40214,556,41,40,20,8,3,107,18,10,4,,20014,22014,PG 40150 T-SIG Corp PL 15  eff:0  armour:guard-standard weapon:guard-rifle
40215,592,43,40,20,8,3,110,18,10,4,,20015,22015,PG 40150 T-SIG Corp PL 16  eff:0  armour:guard-standard weapon:guard-rifle
40216,642,46,40,20,9,3,113,18,10,5,,20016,22016,PG 40150 T-SIG Corp PL 17  eff:0  armour:guard-standard weapon:guard-rifle
40217,692,48,40,20,9,3,117,18,10,5,,20017,22017,PG 40150 T-SIG Corp PL 18  eff:0  armour:guard-standard weapon:guard-rifle
40218,745,50,40,20,10,3,120,18,10,5,,20018,22018,PG 40150 T-SIG Corp PL 19  eff:0  armour:guard-standard weapon:guard-rifle
40219,798,52,40,20,11,3,123,18,10,5,,20019,22019,PG 40150 T-SIG Corp PL 20  eff:0  armour:guard-standard weapon:guard-rifle
41000,340,32,40,20,6,1,93,18,10,3,,20010,22010,PG 40000 WB Guard PL 11  eff:0  armour:guard-standard weapon:guard-rifle
41001,360,34,40,20,6,1,97,18,10,3,,20011,22011,PG 40000 WB Guard PL 12  eff:0  armour:guard-standard weapon:guard-rifle
41002,380,37,40,20,7,1,100,18,10,4,,20012,22012,PG 40000 WB Guard PL 13  eff:0  armour:guard-standard weapon:guard-rifle
41003,400,39,40,20,7,1,103,18,10,4,,20013,22013,PG 40000 WB Guard PL 14  eff:0  armour:guard-standard weapon:guard-rifle
41004,420,41,40,20,8,1,107,18,10,4,,20014,22014,PG 40000 WB Guard PL 15  eff:0  armour:guard-standard weapon:guard-rifle
41005,440,43,40,20,8,1,110,18,10,4,,20015,22015,PG 40000 WB Guard PL 16  eff:0  armour:guard-standard weapon:guard-rifle
41006,470,46,40,20,9,1,113,18,10,5,,20016,22016,PG 40000 WB Guard PL 17  eff:0  armour:guard-standard weapon:guard-rifle
41007,500,48,40,20,9,1,117,18,10,5,,20017,22017,PG 40000 WB Guard PL 18  eff:0  armour:guard-standard weapon:guard-rifle
41008,530,50,40,20,10,1,120,18,10,5,,20018,22018,PG 40000 WB Guard PL 19  eff:0  armour:guard-standard weapon:guard-rifle
41009,560,52,40,20,11,1,123,18,10,5,,20019,22019,PG 40000 WB Guard PL 20  eff:0  armour:guard-standard weapon:guard-rifle
41010,540,30,40,30,8,2,187,18,10,3,64158,21011,901030,PG 40001 WB Captain PL 11  eff:64158  armour:heavy weapon:revolver
41011,580,31,40,30,8,2,193,18,10,3,64158,21012,901031,PG 40001 WB Captain PL 12  eff:64158  armour:heavy weapon:revolver
41012,630,32,40,30,9,2,200,18,10,4,64158,21013,901032,PG 40001 WB Captain PL 13  eff:64158  armour:heavy weapon:revolver
41013,680,33,40,30,9,2,207,18,10,4,64158,21014,901033,PG 40001 WB Captain PL 14  eff:64158  armour:heavy weapon:revolver
41014,730,34,40,40,10,2,213,18,10,4,64158,21015,901034,PG 40001 WB Captain PL 15  eff:64158  armour:heavy weapon:revolver
41015,790,35,40,40,10,2,220,18,10,4,64158,21016,901035,PG 40001 WB Captain PL 16  eff:64158  armour:heavy weapon:revolver
41016,850,36,40,40,11,2,227,18,10,5,64158,21017,901036,PG 40001 WB Captain PL 17  eff:64158  armour:heavy weapon:revolver
41017,920,37,40,40,11,2,233,18,10,5,64158,21018,901037,PG 40001 WB Captain PL 18  eff:64158  armour:heavy weapon:revolver
41018,990,38,40,40,12,2,240,18,10,5,64158,21019,901038,PG 40001 WB Captain PL 19  eff:64158  armour:heavy weapon:revolver
41019,1070,39,40,40,13,2,247,18,10,5,64158,21020,901039,PG 40001 WB Captain PL 20  eff:64158  armour:heavy weapon:revolver
41020,420,42,40,20,8,1,118,18,10,2,,22010,901010,PG 40002 WB Assault PL 11  eff:0  armour:adaptive weapon:shotgun
41021,450,44,40,20,8,1,121,18,10,2,,22011,901011,PG 40002 WB Assault PL 12  eff:0  armour:adaptive weapon:shotgun
41022,480,47,40,20,9,1,123,18,10,2,,22012,901012,PG 40002 WB Assault PL 13  eff:0  armour:adaptive weapon:shotgun
41023,510,49,40,20,10,1,126,18,10,2,,22013,901013,PG 40002 WB Assault PL 14  eff:0  armour:adaptive weapon:shotgun
41024,540,51,40,20,10,1,129,18,10,3,,22014,901014,PG 40002 WB Assault PL 15  eff:0  armour:adaptive weapon:shotgun
41025,570,53,40,20,11,1,132,18,10,3,,22015,901015,PG 40002 WB Assault PL 16  eff:0  armour:adaptive weapon:shotgun
41026,600,56,40,20,12,1,134,18,10,3,,22016,901016,PG 40002 WB Assault PL 17  eff:0  armour:adaptive weapon:shotgun
41027,640,58,40,20,12,1,137,18,10,3,,22017,901017,PG 40002 WB Assault PL 18  eff:0  armour:adaptive weapon:shotgun
41028,680,60,40,20,13,1,140,18,10,3,,22018,901018,PG 40002 WB Assault PL 19  eff:0  armour:adaptive weapon:shotgun
41029,720,62,40,20,14,1,143,18,10,3,,22019,901019,PG 40002 WB Assault PL 20  eff:0  armour:adaptive weapon:shotgun
41030,420,32,40,20,6,1,118,18,10,3,,23040,901010,PG 40003 WB FireCOM PL 11  eff:0  armour:adaptive weapon:bullpup
41031,450,34,40,20,6,1,121,18,10,3,,23041,901011,PG 40003 WB FireCOM PL 12  eff:0  armour:adaptive weapon:bullpup
41032,480,37,40,20,7,1,123,18,10,4,,23042,901012,PG 40003 WB FireCOM PL 13  eff:0  armour:adaptive weapon:bullpup
41033,510,39,40,20,7,1,126,18,10,4,,23043,901013,PG 40003 WB FireCOM PL 14  eff:0  armour:adaptive weapon:bullpup
41034,540,41,40,20,8,1,129,18,10,4,,23044,901014,PG 40003 WB FireCOM PL 15  eff:0  armour:adaptive weapon:bullpup
41035,570,43,40,20,8,1,132,18,10,4,,23045,901015,PG 40003 WB FireCOM PL 16  eff:0  armour:adaptive weapon:bullpup
41036,600,46,40,20,9,1,134,18,10,5,,23046,901016,PG 40003 WB FireCOM PL 17  eff:0  armour:adaptive weapon:bullpup
41037,640,48,40,20,9,1,137,18,10,5,,23047,901017,PG 40003 WB FireCOM PL 18  eff:0  armour:adaptive weapon:bullpup
41038,680,50,40,20,10,1,140,18,10,5,,23048,901018,PG 40003 WB FireCOM PL 19  eff:0  armour:adaptive weapon:bullpup
41039,720,52,40,20,11,1,143,18,10,5,,23049,901019,PG 40003 WB FireCOM PL 20  eff:0  armour:adaptive weapon:bullpup
41040,1380,30,40,30,8,4,187,20,10,3,64149,21011,22410,PG 40040 Braun Rook PL 11  eff:64149  armour:superheavy weapon:revolver
41041,1550,31,40,30,8,4,193,20,10,3,64149,21012,22411,PG 40040 Braun Rook PL 12  eff:64149  armour:superheavy weapon:revolver
41042,1740,32,40,30,9,5,200,20,10,4,64149,21013,22412,PG 40040 Braun Rook PL 13  eff:64149  armour:superheavy weapon:revolver
41043,1950,33,40,30,9,5,207,20,10,4,64149,21014,22413,PG 40040 Braun Rook PL 14  eff:64149  armour:superheavy weapon:revolver
41044,2180,34,40,30,10,5,213,20,10,4,64149,21015,22414,PG 40040 Braun Rook PL 15  eff:64149  armour:superheavy weapon:revolver
41045,2440,35,40,30,10,5,220,20,10,4,64149,21016,22415,PG 40040 Braun Rook PL 16  eff:64149  armour:superheavy weapon:revolver
41046,2730,36,40,30,11,6,227,20,10,5,64149,21017,22416,PG 40040 Braun Rook PL 17  eff:64149  armour:superheavy weapon:revolver
41047,3060,37,40,30,11,6,233,20,10,5,64149,21018,22417,PG 40040 Braun Rook PL 18  eff:64149  armour:superheavy weapon:revolver
41048,3430,38,40,30,12,6,240,20,10,5,64149,21019,22418,PG 40040 Braun Rook PL 19  eff:64149  armour:superheavy weapon:revolver
41049,3840,39,40,30,13,6,247,20,10,5,64149,21020,22419,PG 40040 Braun Rook PL 20  eff:64149  armour:superheavy weapon:revolver
41500,368,20,40,30,4,4,120,20,10,1,64142,21001,901020,PG 41500 Brauk Executioner PL 1  eff:64142  armour:heavy weapon:revolver
41501,414,21,40,30,5,4,120,20,10,1,64142,21002,901021,PG 41500 Brauk Executioner PL 2  eff:64142  armour:heavy weapon:revolver
41502,460,22,40,30,6,4,120,20,10,1,64142,21003,901022,PG 41500 Brauk Executioner PL 3  eff:64142  armour:heavy weapon:revolver
41503,515,23,40,30,7,4,130,20,10,1,64142,21004,901023,PG 41500 Brauk Executioner PL 4  eff:64142  armour:heavy weapon:revolver
41504,589,24,40,30,8,4,130,20,10,1,64142,21005,901024,PG 41500 Brauk Executioner PL 5  eff:64142  armour:heavy weapon:revolver
41505,672,25,40,30,9,4,140,20,10,2,64142,21006,901025,PG 41500 Brauk Executioner PL 6  eff:64142  armour:heavy weapon:revolver
41506,764,26,40,30,10,4,140,20,10,2,64142,21007,901026,PG 41500 Brauk Executioner PL 7  eff:64142  armour:heavy weapon:revolver
41507,874,27,40,30,10,4,160,20,10,2,64142,21008,901027,PG 41500 Brauk Executioner PL 8  eff:64142  armour:heavy weapon:revolver
41508,994,28,40,30,11,4,160,20,10,3,64142,21009,901028,PG 41500 Brauk Executioner PL 9  eff:64142  armour:heavy weapon:revolver
41509,1132,29,40,30,11,4,180,20,10,3,64142,21010,901029,PG 41500 Brauk Executioner PL 10  eff:64142  armour:heavy weapon:revolver
41510,1270,30,40,30,12,4,187,20,10,3,64142,21011,901030,PG 41500 Brauk Executioner PL 11  eff:64142  armour:heavy weapon:revolver
41511,1426,31,40,30,13,4,193,20,10,3,64142,21012,901031,PG 41500 Brauk Executioner PL 12  eff:64142  armour:heavy weapon:revolver
41512,1601,32,40,30,13,4,200,20,10,4,64142,21013,901032,PG 41500 Brauk Executioner PL 13  eff:64142  armour:heavy weapon:revolver
41513,1794,33,40,30,14,4,207,20,10,4,64142,21014,901033,PG 41500 Brauk Executioner PL 14  eff:64142  armour:heavy weapon:revolver
41514,2006,34,40,30,15,4,213,20,10,4,64142,21015,901034,PG 41500 Brauk Executioner PL 15  eff:64142  armour:heavy weapon:revolver
41515,2245,35,40,30,16,4,220,20,10,4,64142,21016,901035,PG 41500 Brauk Executioner PL 16  eff:64142  armour:heavy weapon:revolver
41516,2512,36,40,30,16,4,227,20,10,5,64142,21017,901036,PG 41500 Brauk Executioner PL 17  eff:64142  armour:heavy weapon:revolver
41517,2815,37,40,30,17,4,233,20,10,5,64142,21018,901037,PG 41500 Brauk Executioner PL 18  eff:64142  armour:heavy weapon:revolver
41518,3156,38,40,30,18,4,240,20,10,5,64142,21019,901038,PG 41500 Brauk Executioner PL 19  eff:64142  armour:heavy weapon:revolver
41519,3533,39,40,30,19,4,247,20,10,5,64142,21020,901039,PG 41500 Brauk Executioner PL 20  eff:64142  armour:heavy weapon:revolver
41600,2000,15,40,30,4,7,90,20,10,1,64177,900140,22522,PG 41600 Marcus PL 1  eff:64177  armour:lighter-drone weapon:heavy-blade
41601,2362,17,40,30,5,7,90,20,10,1,64177,900141,22523,PG 41600 Marcus PL 2  eff:64177  armour:lighter-drone weapon:heavy-blade
41602,2750,19,40,30,6,7,90,20,10,1,64177,900142,22524,PG 41600 Marcus PL 3  eff:64177  armour:lighter-drone weapon:heavy-blade
41603,3920,21,40,30,7,7,90,20,10,1,64177,900143,22525,PG 41600 Marcus PL 4  eff:64177  armour:lighter-drone weapon:heavy-blade
41604,5120,23,40,30,8,7,90,20,10,1,64177,900144,22526,PG 41600 Marcus PL 5  eff:64177  armour:lighter-drone weapon:heavy-blade
41605,6570,25,40,30,9,7,90,20,10,1,64177,900145,22527,PG 41600 Marcus PL 6  eff:64177  armour:lighter-drone weapon:heavy-blade
41606,7470,30,40,30,10,7,90,20,10,1,64177,900146,22528,PG 41600 Marcus PL 7  eff:64177  armour:lighter-drone weapon:heavy-blade
41607,8550,35,40,30,10,7,90,20,10,1,64177,900147,22529,PG 41600 Marcus PL 8  eff:64177  armour:lighter-drone weapon:heavy-blade
41608,9720,40,40,30,11,7,90,20,10,1,64177,900148,22530,PG 41600 Marcus PL 9  eff:64177  armour:lighter-drone weapon:heavy-blade
41609,9840,45,40,30,11,7,90,20,10,1,64177,900149,22531,PG 41600 Marcus PL 10  eff:64177  armour:lighter-drone weapon:heavy-blade
41610,9960,48,40,30,12,7,90,20,10,1,64177,900150,22532,PG 41600 Marcus PL 11  eff:64177  armour:lighter-drone weapon:heavy-blade
41611,10075,52,40,30,13,7,90,20,10,1,64177,900151,22533,PG 41600 Marcus PL 12  eff:64177  armour:lighter-drone weapon:heavy-blade
41612,10875,55,40,30,13,7,90,20,10,1,64177,900152,22534,PG 41600 Marcus PL 13  eff:64177  armour:lighter-drone weapon:heavy-blade
41613,11700,58,40,30,14,7,90,20,10,1,64177,900153,22535,PG 41600 Marcus PL 14  eff:64177  armour:lighter-drone weapon:heavy-blade
41614,13080,62,40,30,15,7,90,20,10,1,64177,900154,22536,PG 41600 Marcus PL 15  eff:64177  armour:lighter-drone weapon:heavy-blade
41615,13420,65,40,30,16,7,90,20,10,1,64177,900155,22537,PG 41600 Marcus PL 16  eff:64177  armour:lighter-drone weapon:heavy-blade
41616,13650,68,40,30,16,7,90,20,10,1,64177,900156,22538,PG 41600 Marcus PL 17  eff:64177  armour:lighter-drone weapon:heavy-blade
41617,15300,72,40,30,17,7,90,20,10,1,64177,900157,22539,PG 41600 Marcus PL 18  eff:64177  armour:lighter-drone weapon:heavy-blade
41618,17150,75,40,30,18,7,90,20,10,1,64177,900158,22540,PG 41600 Marcus PL 19  eff:64177  armour:lighter-drone weapon:heavy-blade
41619,19200,78,40,30,19,7,90,20,10,1,64177,900159,22541,PG 41600 Marcus PL 20  eff:64177  armour:lighter-drone weapon:heavy-blade
42000,200,10,40,20,0,1,60,18,10,1,,20000,22000,PG 42000 MK Midweight PL 1  eff:0  armour:guard-standard weapon:guard-rifle
42001,231,12,40,20,1,1,65,18,10,1,,20001,22001,PG 42000 MK Midweight PL 2  eff:0  armour:guard-standard weapon:guard-rifle
42002,253,14,40,20,1,1,70,18,10,1,,20002,22002,PG 42000 MK Midweight PL 3  eff:0  armour:guard-standard weapon:guard-rifle
42003,288,16,40,20,2,1,75,18,10,1,,20003,22003,PG 42000 MK Midweight PL 4  eff:0  armour:guard-standard weapon:guard-rifle
42004,300,18,40,20,3,1,80,18,10,2,,20004,22004,PG 42000 MK Midweight PL 5  eff:0  armour:guard-standard weapon:guard-rifle
42005,312,20,40,20,3,1,86,18,10,2,,20005,22005,PG 42000 MK Midweight PL 6  eff:0  armour:guard-standard weapon:guard-rifle
42006,338,22,40,20,4,1,90,18,10,2,,20006,22006,PG 42000 MK Midweight PL 7  eff:0  armour:guard-standard weapon:guard-rifle
42007,362,24,40,20,4,1,90,18,10,3,,20007,22007,PG 42000 MK Midweight PL 8  eff:0  armour:guard-standard weapon:guard-rifle
42008,388,26,40,20,4,1,90,18,10,3,,20008,22008,PG 42000 MK Midweight PL 9  eff:0  armour:guard-standard weapon:guard-rifle
42009,412,30,40,20,5,1,90,18,10,3,,20009,22009,PG 42000 MK Midweight PL 10  eff:0  armour:guard-standard weapon:guard-rifle
42010,425,32,40,20,6,1,93,18,10,3,,20010,22010,PG 42000 MK Midweight PL 11  eff:0  armour:guard-standard weapon:guard-rifle
42011,450,34,40,20,6,1,97,18,10,3,,20011,22011,PG 42000 MK Midweight PL 12  eff:0  armour:guard-standard weapon:guard-rifle
42012,475,37,40,20,7,1,100,18,10,4,,20012,22012,PG 42000 MK Midweight PL 13  eff:0  armour:guard-standard weapon:guard-rifle
42013,500,39,40,20,7,1,103,18,10,4,,20013,22013,PG 42000 MK Midweight PL 14  eff:0  armour:guard-standard weapon:guard-rifle
42014,525,41,40,20,8,1,107,18,10,4,,20014,22014,PG 42000 MK Midweight PL 15  eff:0  armour:guard-standard weapon:guard-rifle
42015,550,43,40,20,8,1,110,18,10,4,,20015,22015,PG 42000 MK Midweight PL 16  eff:0  armour:guard-standard weapon:guard-rifle
42016,588,46,40,20,9,1,113,18,10,5,,20016,22016,PG 42000 MK Midweight PL 17  eff:0  armour:guard-standard weapon:guard-rifle
42017,625,48,40,20,9,1,117,18,10,5,,20017,22017,PG 42000 MK Midweight PL 18  eff:0  armour:guard-standard weapon:guard-rifle
42018,662,50,40,20,10,1,120,18,10,5,,20018,22018,PG 42000 MK Midweight PL 19  eff:0  armour:guard-standard weapon:guard-rifle
42019,700,52,40,20,11,1,123,18,10,5,,20019,22019,PG 42000 MK Midweight PL 20  eff:0  armour:guard-standard weapon:guard-rifle
42020,240,10,40,20,2,2,90,18,10,1,64158,23030,901020,PG 42020 MEK Lead PL 1  eff:64158  armour:heavy weapon:bullpup
42021,286,12,40,20,2,2,90,18,10,1,64158,23031,901021,PG 42020 MEK Lead PL 2  eff:64158  armour:heavy weapon:bullpup
42022,322,14,40,20,3,2,95,18,10,1,64158,23032,901022,PG 42020 MEK Lead PL 3  eff:64158  armour:heavy weapon:bullpup
42023,375,16,40,20,3,2,95,18,10,1,64158,23033,901023,PG 42020 MEK Lead PL 4  eff:64158  armour:heavy weapon:bullpup
42024,400,18,40,30,4,3,100,18,10,2,64158,23034,901024,PG 42020 MEK Lead PL 5  eff:64158  armour:heavy weapon:bullpup
42025,438,20,40,30,4,3,100,18,10,2,64158,23035,901025,PG 42020 MEK Lead PL 6  eff:64158  armour:heavy weapon:bullpup
42026,475,22,40,30,5,3,105,18,10,2,64158,23036,901026,PG 42020 MEK Lead PL 7  eff:64158  armour:heavy weapon:bullpup
42027,512,24,40,30,6,4,105,18,10,3,64158,23037,901027,PG 42020 MEK Lead PL 8  eff:64158  armour:heavy weapon:bullpup
42028,562,26,40,30,7,4,110,18,10,3,64158,23038,901028,PG 42020 MEK Lead PL 9  eff:64158  armour:heavy weapon:bullpup
42029,625,30,40,30,7,4,115,18,10,3,64158,23039,901029,PG 42020 MEK Lead PL 10  eff:64158  armour:heavy weapon:bullpup
42030,675,32,40,30,8,4,118,18,10,3,64158,23040,901030,PG 42020 MEK Lead PL 11  eff:64158  armour:heavy weapon:bullpup
42031,725,34,40,30,8,4,121,18,10,3,64158,23041,901031,PG 42020 MEK Lead PL 12  eff:64158  armour:heavy weapon:bullpup
42032,788,37,40,30,9,5,123,18,10,4,64158,23042,901032,PG 42020 MEK Lead PL 13  eff:64158  armour:heavy weapon:bullpup
42033,850,39,40,30,9,5,126,18,10,4,64158,23043,901033,PG 42020 MEK Lead PL 14  eff:64158  armour:heavy weapon:bullpup
42034,912,41,40,40,10,5,129,18,10,4,64158,23044,901034,PG 42020 MEK Lead PL 15  eff:64158  armour:heavy weapon:bullpup
42035,988,43,40,40,10,5,132,18,10,4,64158,23045,901035,PG 42020 MEK Lead PL 16  eff:64158  armour:heavy weapon:bullpup
42036,1062,46,40,40,11,6,134,18,10,5,64158,23046,901036,PG 42020 MEK Lead PL 17  eff:64158  armour:heavy weapon:bullpup
42037,1150,48,40,40,11,6,137,18,10,5,64158,23047,901037,PG 42020 MEK Lead PL 18  eff:64158  armour:heavy weapon:bullpup
42038,1238,50,40,40,12,6,140,18,10,5,64158,23048,901038,PG 42020 MEK Lead PL 19  eff:64158  armour:heavy weapon:bullpup
42039,1338,52,40,40,13,6,143,18,10,5,64158,23049,901039,PG 42020 MEK Lead PL 20  eff:64158  armour:heavy weapon:bullpup
42040,250,20,40,20,1,1,90,18,10,1,64160,22000,901000,PG 42040 MK Crusher PL 1  eff:64160  armour:adaptive weapon:shotgun
42041,297,23,40,20,1,1,90,18,10,1,64160,22001,901001,PG 42040 MK Crusher PL 2  eff:64160  armour:adaptive weapon:shotgun
42042,322,26,40,20,2,1,95,18,10,1,64160,22002,901002,PG 42040 MK Crusher PL 3  eff:64160  armour:adaptive weapon:shotgun
42043,362,29,40,20,2,1,95,18,10,1,64160,22003,901003,PG 42040 MK Crusher PL 4  eff:64160  armour:adaptive weapon:shotgun
42044,375,32,40,20,3,1,100,18,10,1,64160,22004,901004,PG 42040 MK Crusher PL 5  eff:64160  armour:adaptive weapon:shotgun
42045,400,35,40,20,4,1,100,18,10,2,64160,22005,901005,PG 42040 MK Crusher PL 6  eff:64160  armour:adaptive weapon:shotgun
42046,425,38,40,20,5,1,105,18,10,2,64160,22006,901006,PG 42040 MK Crusher PL 7  eff:64160  armour:adaptive weapon:shotgun
42047,450,40,40,20,6,1,105,18,10,2,64160,22007,901007,PG 42040 MK Crusher PL 8  eff:64160  armour:adaptive weapon:shotgun
42048,475,40,40,20,6,1,110,18,10,2,64160,22008,901008,PG 42040 MK Crusher PL 9  eff:64160  armour:adaptive weapon:shotgun
42049,500,40,40,20,7,1,115,18,10,2,64160,22009,901009,PG 42040 MK Crusher PL 10  eff:64160  armour:adaptive weapon:shotgun
42050,525,42,40,20,8,1,118,18,10,2,64160,22010,901010,PG 42040 MK Crusher PL 11  eff:64160  armour:adaptive weapon:shotgun
42051,562,44,40,20,8,1,121,18,10,2,64160,22011,901011,PG 42040 MK Crusher PL 12  eff:64160  armour:adaptive weapon:shotgun
42052,600,47,40,20,9,1,123,18,10,2,64160,22012,901012,PG 42040 MK Crusher PL 13  eff:64160  armour:adaptive weapon:shotgun
42053,638,49,40,20,10,1,126,18,10,2,64160,22013,901013,PG 42040 MK Crusher PL 14  eff:64160  armour:adaptive weapon:shotgun
42054,675,51,40,20,10,1,129,18,10,3,64160,22014,901014,PG 42040 MK Crusher PL 15  eff:64160  armour:adaptive weapon:shotgun
42055,712,53,40,20,11,1,132,18,10,3,64160,22015,901015,PG 42040 MK Crusher PL 16  eff:64160  armour:adaptive weapon:shotgun
42056,750,56,40,20,12,1,134,18,10,3,64160,22016,901016,PG 42040 MK Crusher PL 17  eff:64160  armour:adaptive weapon:shotgun
42057,800,58,40,20,12,1,137,18,10,3,64160,22017,901017,PG 42040 MK Crusher PL 18  eff:64160  armour:adaptive weapon:shotgun
42058,850,60,40,20,13,1,140,18,10,3,64160,22018,901018,PG 42040 MK Crusher PL 19  eff:64160  armour:adaptive weapon:shotgun
42059,900,62,40,20,14,1,143,18,10,3,64160,22019,901019,PG 42040 MK Crusher PL 20  eff:64160  armour:adaptive weapon:shotgun
42060,250,10,40,20,0,1,90,18,10,1,,23030,901000,PG 42060 MK FireCON PL 1  eff:0  armour:adaptive weapon:bullpup
42061,297,12,40,20,1,1,90,18,10,1,,23031,901001,PG 42060 MK FireCON PL 2  eff:0  armour:adaptive weapon:bullpup
42062,322,14,40,20,1,1,95,18,10,1,,23032,901002,PG 42060 MK FireCON PL 3  eff:0  armour:adaptive weapon:bullpup
42063,362,16,40,20,2,1,95,18,10,1,,23033,901003,PG 42060 MK FireCON PL 4  eff:0  armour:adaptive weapon:bullpup
42064,375,18,40,20,3,1,100,18,10,2,,23034,901004,PG 42060 MK FireCON PL 5  eff:0  armour:adaptive weapon:bullpup
42065,400,20,40,20,3,1,100,18,10,2,,23035,901005,PG 42060 MK FireCON PL 6  eff:0  armour:adaptive weapon:bullpup
42066,425,22,40,20,4,1,105,18,10,2,,23036,901006,PG 42060 MK FireCON PL 7  eff:0  armour:adaptive weapon:bullpup
42067,450,24,40,20,4,1,105,18,10,3,,23037,901007,PG 42060 MK FireCON PL 8  eff:0  armour:adaptive weapon:bullpup
42068,475,26,40,20,4,1,110,18,10,3,,23038,901008,PG 42060 MK FireCON PL 9  eff:0  armour:adaptive weapon:bullpup
42069,500,30,40,20,5,1,115,18,10,3,,23039,901009,PG 42060 MK FireCON PL 10  eff:0  armour:adaptive weapon:bullpup
42070,525,32,40,20,6,1,118,18,10,3,,23040,901010,PG 42060 MK FireCON PL 11  eff:0  armour:adaptive weapon:bullpup
42071,562,34,40,20,6,1,121,18,10,3,,23041,901011,PG 42060 MK FireCON PL 12  eff:0  armour:adaptive weapon:bullpup
42072,600,37,40,20,7,1,123,18,10,4,,23042,901012,PG 42060 MK FireCON PL 13  eff:0  armour:adaptive weapon:bullpup
42073,638,39,40,20,7,1,126,18,10,4,,23043,901013,PG 42060 MK FireCON PL 14  eff:0  armour:adaptive weapon:bullpup
42074,675,41,40,20,8,1,129,18,10,4,,23044,901014,PG 42060 MK FireCON PL 15  eff:0  armour:adaptive weapon:bullpup
42075,712,43,40,20,8,1,132,18,10,4,,23045,901015,PG 42060 MK FireCON PL 16  eff:0  armour:adaptive weapon:bullpup
42076,750,46,40,20,9,1,134,18,10,5,,23046,901016,PG 42060 MK FireCON PL 17  eff:0  armour:adaptive weapon:bullpup
42077,800,48,40,20,9,1,137,18,10,5,,23047,901017,PG 42060 MK FireCON PL 18  eff:0  armour:adaptive weapon:bullpup
42078,850,50,40,20,10,1,140,18,10,5,,23048,901018,PG 42060 MK FireCON PL 19  eff:0  armour:adaptive weapon:bullpup
42079,900,52,40,20,11,1,143,18,10,5,,23049,901019,PG 42060 MK FireCON PL 20  eff:0  armour:adaptive weapon:bullpup
42080,500,10,40,30,2,2,90,20,10,1,64149,23060,901020,PG 42080 MEK Suit PL 1  eff:64149  armour:heavy weapon:erifle
42081,562,12,40,30,2,2,90,20,10,1,64149,23061,901021,PG 42080 MEK Suit PL 2  eff:64149  armour:heavy weapon:erifle
42082,625,14,40,30,3,2,90,20,10,1,64149,23062,901022,PG 42080 MEK Suit PL 3  eff:64149  armour:heavy weapon:erifle
42083,700,16,40,30,3,3,90,20,10,1,64149,23063,901023,PG 42080 MEK Suit PL 4  eff:64149  armour:heavy weapon:erifle
42084,800,18,40,30,4,3,90,20,10,2,64149,23064,901024,PG 42080 MEK Suit PL 5  eff:64149  armour:heavy weapon:erifle
42085,912,20,40,30,4,4,90,20,10,2,64149,23065,901025,PG 42080 MEK Suit PL 6  eff:64149  armour:heavy weapon:erifle
42086,1038,22,40,30,5,4,90,20,10,2,64149,23066,901026,PG 42080 MEK Suit PL 7  eff:64149  armour:heavy weapon:erifle
42087,1188,24,40,30,6,4,90,20,10,2,64149,23067,901027,PG 42080 MEK Suit PL 8  eff:64149  armour:heavy weapon:erifle
42088,1350,26,40,30,7,4,90,20,10,2,64149,23068,901028,PG 42080 MEK Suit PL 9  eff:64149  armour:heavy weapon:erifle
42089,1538,30,40,30,7,4,90,20,10,2,64149,23069,901029,PG 42080 MEK Suit PL 10  eff:64149  armour:heavy weapon:erifle
42090,250,10,40,20,1,1,90,18,10,1,64160,23060,901020,PG 42100 MK HeavyLift PL 1  eff:64160  armour:heavy weapon:erifle
42091,310,12,40,20,1,1,90,18,10,1,64160,23061,901021,PG 42100 MK HeavyLift PL 2  eff:64160  armour:heavy weapon:erifle
42092,336,14,40,20,2,1,95,18,10,1,64160,23062,901022,PG 42100 MK HeavyLift PL 3  eff:64160  armour:heavy weapon:erifle
42093,362,16,40,20,2,1,95,18,10,2,64160,23063,901023,PG 42100 MK HeavyLift PL 4  eff:64160  armour:heavy weapon:erifle
42094,390,18,40,20,3,1,100,18,10,2,64160,23064,901024,PG 42100 MK HeavyLift PL 5  eff:64160  armour:heavy weapon:erifle
42095,432,20,40,20,4,1,100,18,10,2,64160,23064,901025,PG 42100 MK HeavyLift PL 6  eff:64160  armour:heavy weapon:erifle
42096,476,22,40,20,5,1,105,18,10,2,64160,23065,901026,PG 42100 MK HeavyLift PL 7  eff:64160  armour:heavy weapon:erifle
42097,522,24,40,20,6,1,105,18,10,2,64160,23065,901027,PG 42100 MK HeavyLift PL 8  eff:64160  armour:heavy weapon:erifle
42098,570,26,40,20,6,1,110,18,10,2,64160,23066,901028,PG 42100 MK HeavyLift PL 9  eff:64160  armour:heavy weapon:erifle
42099,600,30,40,20,7,1,115,18,10,2,64160,23066,901029,PG 42100 MK HeavyLift PL 10  eff:64160  armour:heavy weapon:erifle
42101,250,10,40,20,1,3,90,20,10,1,,23030,901020,PG 42120 MK Frontline PL 1  eff:0  armour:heavy weapon:bullpup
42102,280,12,40,20,1,3,90,20,10,1,,23031,901021,PG 42120 MK Frontline PL 2  eff:0  armour:heavy weapon:bullpup
42103,320,14,40,20,2,3,95,20,10,1,,23032,901022,PG 42120 MK Frontline PL 3  eff:0  armour:heavy weapon:bullpup
42104,360,16,40,20,2,3,95,20,10,1,,23033,901023,PG 42120 MK Frontline PL 4  eff:0  armour:heavy weapon:bullpup
42105,410,18,40,20,3,3,100,20,10,2,,23034,901024,PG 42120 MK Frontline PL 5  eff:0  armour:heavy weapon:bullpup
42106,460,20,40,20,4,3,100,20,10,2,,23035,901025,PG 42120 MK Frontline PL 6  eff:0  armour:heavy weapon:bullpup
42107,520,22,40,20,5,3,105,20,10,2,,23036,901026,PG 42120 MK Frontline PL 7  eff:0  armour:heavy weapon:bullpup
42108,590,24,40,20,6,3,105,20,10,3,,23037,901027,PG 42120 MK Frontline PL 8  eff:0  armour:heavy weapon:bullpup
42109,670,26,40,20,6,3,110,20,10,3,,23038,901028,PG 42120 MK Frontline PL 9  eff:0  armour:heavy weapon:bullpup
42110,760,30,40,20,7,3,115,20,10,3,,23039,901029,PG 42120 MK Frontline PL 10  eff:0  armour:heavy weapon:bullpup
42112,250,20,40,20,1,3,120,22,10,1,,21001,901020,PG 42140 MK Flashboom PL 1  eff:0  armour:heavy weapon:revolver
42113,270,21,40,20,1,3,120,22,10,1,,21002,901021,PG 42140 MK Flashboom PL 2  eff:0  armour:heavy weapon:revolver
42114,280,22,40,20,2,3,120,22,10,1,,21003,901022,PG 42140 MK Flashboom PL 3  eff:0  armour:heavy weapon:revolver
42115,290,23,40,20,2,3,130,22,10,1,,21004,901023,PG 42140 MK Flashboom PL 4  eff:0  armour:heavy weapon:revolver
42116,300,24,40,20,3,3,130,22,10,1,,21005,901024,PG 42140 MK Flashboom PL 5  eff:0  armour:heavy weapon:revolver
42117,320,25,40,20,4,3,140,22,10,2,,21006,901025,PG 42140 MK Flashboom PL 6  eff:0  armour:heavy weapon:revolver
42118,340,26,40,20,5,3,140,22,10,2,,21007,901026,PG 42140 MK Flashboom PL 7  eff:0  armour:heavy weapon:revolver
42119,360,27,40,20,6,3,160,22,10,2,,21008,901027,PG 42140 MK Flashboom PL 8  eff:0  armour:heavy weapon:revolver
42120,380,28,40,20,6,3,160,22,10,3,,21009,901028,PG 42140 MK Flashboom PL 9  eff:0  armour:heavy weapon:revolver
42122,840,32,40,20,8,3,118,20,10,3,,23040,901030,PG 42120 MK Frontline PL 11  eff:0  armour:heavy weapon:bullpup
42123,920,34,40,20,8,3,121,20,10,3,,23041,901031,PG 42120 MK Frontline PL 12  eff:0  armour:heavy weapon:bullpup
42124,1010,37,40,20,9,3,123,20,10,4,,23042,901032,PG 42120 MK Frontline PL 13  eff:0  armour:heavy weapon:bullpup
42125,1110,39,40,20,10,3,126,20,10,4,,23043,901033,PG 42120 MK Frontline PL 14  eff:0  armour:heavy weapon:bullpup
42126,1220,41,40,20,10,3,129,20,10,4,,23044,901034,PG 42120 MK Frontline PL 15  eff:0  armour:heavy weapon:bullpup
42127,1340,43,40,20,11,3,132,20,10,4,,23045,901035,PG 42120 MK Frontline PL 16  eff:0  armour:heavy weapon:bullpup
42128,1470,46,40,20,12,3,134,20,10,5,,23046,901036,PG 42120 MK Frontline PL 17  eff:0  armour:heavy weapon:bullpup
42129,1620,48,40,20,12,3,137,20,10,5,,23047,901037,PG 42120 MK Frontline PL 18  eff:0  armour:heavy weapon:bullpup
42130,1780,50,40,20,13,3,140,20,10,5,,23048,901038,PG 42120 MK Frontline PL 19  eff:0  armour:heavy weapon:bullpup
42131,1960,52,40,20,14,3,143,20,10,5,,23049,901039,PG 42120 MK Frontline PL 20  eff:0  armour:heavy weapon:bullpup
42132,400,29,40,20,7,3,180,22,10,3,,21010,901029,PG 42140 MK Flashboom PL 10  eff:0  armour:heavy weapon:revolver
42133,420,30,40,20,8,3,187,22,10,3,,21011,901030,PG 42140 MK Flashboom PL 11  eff:0  armour:heavy weapon:revolver
42134,450,31,40,20,8,3,193,22,10,3,,21012,901031,PG 42140 MK Flashboom PL 12  eff:0  armour:heavy weapon:revolver
42135,480,32,40,20,9,3,200,22,10,4,,21013,901032,PG 42140 MK Flashboom PL 13  eff:0  armour:heavy weapon:revolver
42136,510,33,40,20,10,3,207,22,10,4,,21014,901033,PG 42140 MK Flashboom PL 14  eff:0  armour:heavy weapon:revolver
42137,540,34,40,20,10,3,213,22,10,4,,21015,901034,PG 42140 MK Flashboom PL 15  eff:0  armour:heavy weapon:revolver
42138,570,35,40,20,11,3,220,22,10,4,,21016,901035,PG 42140 MK Flashboom PL 16  eff:0  armour:heavy weapon:revolver
42139,600,36,40,20,12,3,227,22,10,5,,21017,901036,PG 42140 MK Flashboom PL 17  eff:0  armour:heavy weapon:revolver
42140,640,37,40,20,12,3,233,22,10,5,,21018,901037,PG 42140 MK Flashboom PL 18  eff:0  armour:heavy weapon:revolver
42141,680,38,40,20,13,3,240,22,10,5,,21019,901038,PG 42140 MK Flashboom PL 19  eff:0  armour:heavy weapon:revolver
42142,720,39,40,20,14,3,247,22,10,5,,21020,901039,PG 42140 MK Flashboom PL 20  eff:0  armour:heavy weapon:revolver
42143,651,32,40,20,8,1,118,18,10,2,64160,900050,901030,PG 42100 MK HeavyLift PL 11  eff:64160  armour:heavy weapon:erifle
42144,713,34,40,20,8,1,121,18,10,2,64160,900051,901031,PG 42100 MK HeavyLift PL 12  eff:64160  armour:heavy weapon:erifle
42145,778,37,40,20,9,1,123,18,10,2,64160,900052,901032,PG 42100 MK HeavyLift PL 13  eff:64160  armour:heavy weapon:erifle
42146,826,39,40,20,10,1,126,18,10,2,64160,900053,901033,PG 42100 MK HeavyLift PL 14  eff:64160  armour:heavy weapon:erifle
42147,875,41,40,20,10,1,129,18,10,3,64160,900054,901034,PG 42100 MK HeavyLift PL 15  eff:64160  armour:heavy weapon:erifle
42148,923,43,40,20,11,1,132,18,10,3,64160,900055,901035,PG 42100 MK HeavyLift PL 16  eff:64160  armour:heavy weapon:erifle
42149,972,46,40,20,12,1,134,18,10,3,64160,900056,901036,PG 42100 MK HeavyLift PL 17  eff:64160  armour:heavy weapon:erifle
42150,1037,48,40,20,12,1,137,18,10,3,64160,900057,901037,PG 42100 MK HeavyLift PL 18  eff:64160  armour:heavy weapon:erifle
42151,1102,50,40,20,13,1,140,18,10,3,64160,900058,901038,PG 42100 MK HeavyLift PL 19  eff:64160  armour:heavy weapon:erifle
42152,1166,52,40,20,14,1,143,18,10,3,64160,900059,901039,PG 42100 MK HeavyLift PL 20  eff:64160  armour:heavy weapon:erifle
42153,1725,32,40,30,8,4,90,20,10,2,64149,900050,901030,PG 42080 MEK Suit PL 11  eff:64149  armour:heavy weapon:erifle
42154,1938,34,40,30,8,4,90,20,10,2,64149,900051,901031,PG 42080 MEK Suit PL 12  eff:64149  armour:heavy weapon:erifle
42155,2175,37,40,30,9,5,90,20,10,2,64149,900052,901032,PG 42080 MEK Suit PL 13  eff:64149  armour:heavy weapon:erifle
42156,2438,39,40,30,9,5,90,20,10,2,64149,900053,901033,PG 42080 MEK Suit PL 14  eff:64149  armour:heavy weapon:erifle
42157,2725,41,40,30,10,5,90,20,10,3,64149,900054,901034,PG 42080 MEK Suit PL 15  eff:64149  armour:heavy weapon:erifle
42158,3050,43,40,30,10,5,90,20,10,3,64149,900055,901035,PG 42080 MEK Suit PL 16  eff:64149  armour:heavy weapon:erifle
42159,3412,46,40,30,11,6,90,20,10,3,64149,900056,901036,PG 42080 MEK Suit PL 17  eff:64149  armour:heavy weapon:erifle
42160,3825,48,40,30,11,6,90,20,10,3,64149,900057,901037,PG 42080 MEK Suit PL 18  eff:64149  armour:heavy weapon:erifle
42161,4288,50,40,30,12,6,90,20,10,3,64149,900058,901038,PG 42080 MEK Suit PL 19  eff:64149  armour:heavy weapon:erifle
42162,4800,52,40,30,13,6,90,20,10,3,64149,900059,901039,PG 42080 MEK Suit PL 20  eff:64149  armour:heavy weapon:erifle
90000,200,10,40,20,0,1,60,18,10,1,,20000,22000,PG 90000 KEM Guard PL 1  eff:0  armour:guard-standard weapon:guard-rifle
90001,210,12,40,20,1,1,65,18,10,1,,20001,22001,PG 90000 KEM Guard PL 2  eff:0  armour:guard-standard weapon:guard-rifle
90002,220,14,40,20,1,1,70,18,10,1,,20002,22002,PG 90000 KEM Guard PL 3  eff:0  armour:guard-standard weapon:guard-rifle
90003,230,16,40,20,2,1,75,18,10,1,,20003,22003,PG 90000 KEM Guard PL 4  eff:0  armour:guard-standard weapon:guard-rifle
90004,240,18,40,20,3,1,80,18,10,2,,20004,22004,PG 90000 KEM Guard PL 5  eff:0  armour:guard-standard weapon:guard-rifle
90005,250,20,40,20,3,1,86,18,10,2,,20005,22005,PG 90000 KEM Guard PL 6  eff:0  armour:guard-standard weapon:guard-rifle
90006,240,20,40,20,2,2,90,18,10,1,64158,22000,901000,PG 90001 KEM Captain PL 1  eff:64158  armour:adaptive weapon:shotgun
90007,260,23,40,20,2,2,90,18,10,1,64158,22001,901001,PG 90001 KEM Captain PL 2  eff:64158  armour:adaptive weapon:shotgun
90008,280,26,40,20,3,2,95,18,10,1,64158,22002,901002,PG 90001 KEM Captain PL 3  eff:64158  armour:adaptive weapon:shotgun
90009,300,29,40,20,3,2,95,18,10,1,64158,22003,901003,PG 90001 KEM Captain PL 4  eff:64158  armour:adaptive weapon:shotgun
90010,320,32,40,30,4,2,100,18,10,1,64158,22004,901004,PG 90001 KEM Captain PL 5  eff:64158  armour:adaptive weapon:shotgun
90011,350,35,40,30,4,2,100,18,10,2,64158,22005,901005,PG 90001 KEM Captain PL 6  eff:64158  armour:adaptive weapon:shotgun
90012,250,20,40,20,1,1,90,18,10,1,64149,22000,901000,PG 90002 KEM Doc PL 1  eff:64149  armour:adaptive weapon:shotgun
90013,270,23,40,20,1,1,90,18,10,1,64149,22001,901001,PG 90002 KEM Doc PL 2  eff:64149  armour:adaptive weapon:shotgun
90014,280,26,40,20,2,1,95,18,10,1,64149,22002,901002,PG 90002 KEM Doc PL 3  eff:64149  armour:adaptive weapon:shotgun
90015,290,29,40,20,2,1,95,18,10,1,64149,22003,901003,PG 90002 KEM Doc PL 4  eff:64149  armour:adaptive weapon:shotgun
90016,300,32,40,20,3,1,100,18,10,1,64149,22004,901004,PG 90002 KEM Doc PL 5  eff:64149  armour:adaptive weapon:shotgun
90017,320,35,40,20,4,1,100,18,10,2,64149,22005,901005,PG 90002 KEM Doc PL 6  eff:64149  armour:adaptive weapon:shotgun
90018,270,22,40,20,4,1,90,18,10,2,,20006,22006,PG 90000 KEM Guard PL 7  eff:0  armour:guard-standard weapon:guard-rifle
90019,290,24,40,20,4,1,90,18,10,3,,20007,22007,PG 90000 KEM Guard PL 8  eff:0  armour:guard-standard weapon:guard-rifle
90020,310,26,40,20,4,1,90,18,10,3,,20008,22008,PG 90000 KEM Guard PL 9  eff:0  armour:guard-standard weapon:guard-rifle
90021,330,30,40,20,5,1,90,18,10,3,,20009,22009,PG 90000 KEM Guard PL 10  eff:0  armour:guard-standard weapon:guard-rifle
90022,380,38,40,30,5,2,105,18,10,2,64158,22006,901006,PG 90001 KEM Captain PL 7  eff:64158  armour:adaptive weapon:shotgun
90023,410,40,40,30,6,2,105,18,10,2,64158,22007,901007,PG 90001 KEM Captain PL 8  eff:64158  armour:adaptive weapon:shotgun
90024,450,40,40,30,7,2,110,18,10,2,64158,22008,901008,PG 90001 KEM Captain PL 9  eff:64158  armour:adaptive weapon:shotgun
90025,500,40,40,30,7,2,115,18,10,2,64158,22009,901009,PG 90001 KEM Captain PL 10  eff:64158  armour:adaptive weapon:shotgun
90026,340,38,40,20,5,1,105,18,10,2,64149,22006,901006,PG 90002 KEM Doc PL 7  eff:64149  armour:adaptive weapon:shotgun
90027,360,40,40,20,6,1,105,18,10,2,64149,22007,901007,PG 90002 KEM Doc PL 8  eff:64149  armour:adaptive weapon:shotgun
90028,380,40,40,20,6,1,110,18,10,2,64149,22008,901008,PG 90002 KEM Doc PL 9  eff:64149  armour:adaptive weapon:shotgun
90029,400,40,40,20,7,1,115,18,10,2,64149,22009,901009,PG 90002 KEM Doc PL 10  eff:64149  armour:adaptive weapon:shotgun
90050,340,32,40,20,6,1,93,18,10,3,,20010,22010,PG 90000 KEM Guard PL 11  eff:0  armour:guard-standard weapon:guard-rifle
90051,360,34,40,20,6,1,97,18,10,3,,20011,22011,PG 90000 KEM Guard PL 12  eff:0  armour:guard-standard weapon:guard-rifle
90052,380,37,40,20,7,1,100,18,10,4,,20012,22012,PG 90000 KEM Guard PL 13  eff:0  armour:guard-standard weapon:guard-rifle
90053,400,39,40,20,7,1,103,18,10,4,,20013,22013,PG 90000 KEM Guard PL 14  eff:0  armour:guard-standard weapon:guard-rifle
90054,420,41,40,20,8,1,107,18,10,4,,20014,22014,PG 90000 KEM Guard PL 15  eff:0  armour:guard-standard weapon:guard-rifle
90055,440,43,40,20,8,1,110,18,10,4,,20015,22015,PG 90000 KEM Guard PL 16  eff:0  armour:guard-standard weapon:guard-rifle
90056,470,46,40,20,9,1,113,18,10,5,,20016,22016,PG 90000 KEM Guard PL 17  eff:0  armour:guard-standard weapon:guard-rifle
90057,500,48,40,20,9,1,117,18,10,5,,20017,22017,PG 90000 KEM Guard PL 18  eff:0  armour:guard-standard weapon:guard-rifle
90058,530,50,40,20,10,1,120,18,10,5,,20018,22018,PG 90000 KEM Guard PL 19  eff:0  armour:guard-standard weapon:guard-rifle
90059,560,52,40,20,11,1,123,18,10,5,,20019,22019,PG 90000 KEM Guard PL 20  eff:0  armour:guard-standard weapon:guard-rifle
90060,540,42,40,30,8,2,118,18,10,2,64158,22010,901010,PG 90001 KEM Captain PL 11  eff:64158  armour:adaptive weapon:shotgun
90061,580,44,40,30,8,2,121,18,10,2,64158,22011,901011,PG 90001 KEM Captain PL 12  eff:64158  armour:adaptive weapon:shotgun
90062,630,47,40,30,9,2,123,18,10,2,64158,22012,901012,PG 90001 KEM Captain PL 13  eff:64158  armour:adaptive weapon:shotgun
90063,680,49,40,30,9,2,126,18,10,2,64158,22013,901013,PG 90001 KEM Captain PL 14  eff:64158  armour:adaptive weapon:shotgun
90064,730,51,40,40,10,2,129,18,10,3,64158,22014,901014,PG 90001 KEM Captain PL 15  eff:64158  armour:adaptive weapon:shotgun
90065,790,53,40,40,10,2,132,18,10,3,64158,22015,901015,PG 90001 KEM Captain PL 16  eff:64158  armour:adaptive weapon:shotgun
90066,850,56,40,40,11,2,134,18,10,3,64158,22016,901016,PG 90001 KEM Captain PL 17  eff:64158  armour:adaptive weapon:shotgun
90067,920,58,40,40,11,2,137,18,10,3,64158,22017,901017,PG 90001 KEM Captain PL 18  eff:64158  armour:adaptive weapon:shotgun
90068,990,60,40,40,12,2,140,18,10,3,64158,22018,901018,PG 90001 KEM Captain PL 19  eff:64158  armour:adaptive weapon:shotgun
90069,1070,62,40,40,13,2,143,18,10,3,64158,22019,901019,PG 90001 KEM Captain PL 20  eff:64158  armour:adaptive weapon:shotgun
90070,420,42,40,20,8,1,118,18,10,2,64149,22010,901010,PG 90002 KEM Doc PL 11  eff:64149  armour:adaptive weapon:shotgun
90071,450,44,40,20,8,1,121,18,10,2,64149,22011,901011,PG 90002 KEM Doc PL 12  eff:64149  armour:adaptive weapon:shotgun
90072,480,47,40,20,9,1,123,18,10,2,64149,22012,901012,PG 90002 KEM Doc PL 13  eff:64149  armour:adaptive weapon:shotgun
90073,510,49,40,20,10,1,126,18,10,2,64149,22013,901013,PG 90002 KEM Doc PL 14  eff:64149  armour:adaptive weapon:shotgun
90074,540,51,40,20,10,1,129,18,10,3,64149,22014,901014,PG 90002 KEM Doc PL 15  eff:64149  armour:adaptive weapon:shotgun
90075,570,53,40,20,11,1,132,18,10,3,64149,22015,901015,PG 90002 KEM Doc PL 16  eff:64149  armour:adaptive weapon:shotgun
90076,600,56,40,20,12,1,134,18,10,3,64149,22016,901016,PG 90002 KEM Doc PL 17  eff:64149  armour:adaptive weapon:shotgun
90077,640,58,40,20,12,1,137,18,10,3,64149,22017,901017,PG 90002 KEM Doc PL 18  eff:64149  armour:adaptive weapon:shotgun
90078,680,60,40,20,13,1,140,18,10,3,64149,22018,901018,PG 90002 KEM Doc PL 19  eff:64149  armour:adaptive weapon:shotgun
90079,720,62,40,20,14,1,143,18,10,3,64149,22019,901019,PG 90002 KEM Doc PL 20  eff:64149  armour:adaptive weapon:shotgun
125000,460,15,40,30,4,4,90,20,10,1,64121,900140,22400,PG 125000 Macha Gold PL 1  eff:64121  armour:superheavy weapon:heavy-blade
125001,518,17,40,30,5,4,90,20,10,1,64121,900141,22401,PG 125000 Macha Gold PL 2  eff:64121  armour:superheavy weapon:heavy-blade
125002,575,19,40,30,6,4,90,20,10,1,64121,900142,22402,PG 125000 Macha Gold PL 3  eff:64121  armour:superheavy weapon:heavy-blade
125003,644,21,40,30,7,4,90,20,10,2,64121,900143,22403,PG 125000 Macha Gold PL 4  eff:64121  armour:superheavy weapon:heavy-blade
125004,736,23,40,30,8,4,90,20,10,2,64121,900144,22404,PG 125000 Macha Gold PL 5  eff:64121  armour:superheavy weapon:heavy-blade
125005,840,25,40,30,9,4,90,20,10,2,64121,900145,22405,PG 125000 Macha Gold PL 6  eff:64121  armour:superheavy weapon:heavy-blade
125006,954,30,40,30,10,4,90,20,10,2,64121,900146,22406,PG 125000 Macha Gold PL 7  eff:64121  armour:superheavy weapon:heavy-blade
125007,1092,35,40,30,10,4,90,20,10,3,64121,900147,22407,PG 125000 Macha Gold PL 8  eff:64121  armour:superheavy weapon:heavy-blade
125008,1242,40,40,30,11,4,90,20,10,3,64121,900148,22408,PG 125000 Macha Gold PL 9  eff:64121  armour:superheavy weapon:heavy-blade
125009,1414,45,40,30,11,4,90,20,10,3,64121,900149,22409,PG 125000 Macha Gold PL 10  eff:64121  armour:superheavy weapon:heavy-blade
125010,1587,48,40,30,12,4,90,20,10,3,64121,900150,22410,PG 125000 Macha Gold PL 11  eff:64121  armour:superheavy weapon:heavy-blade
125011,1782,52,40,30,13,4,90,20,10,3,64121,900151,22411,PG 125000 Macha Gold PL 12  eff:64121  armour:superheavy weapon:heavy-blade
125012,2001,55,40,30,13,4,90,20,10,4,64121,900152,22412,PG 125000 Macha Gold PL 13  eff:64121  armour:superheavy weapon:heavy-blade
125013,2242,58,40,30,14,4,90,20,10,4,64121,900153,22413,PG 125000 Macha Gold PL 14  eff:64121  armour:superheavy weapon:heavy-blade
125014,384,20,30,30,2,4,90,20,10,1,64149,900170,901000,PG 125001 Macha Stalker PL 1  eff:64149  armour:adaptive weapon:sniper6
125015,420,21,30,30,2,4,100,20,10,1,64149,900171,901001,PG 125001 Macha Stalker PL 2  eff:64149  armour:adaptive weapon:sniper6
125016,468,22,30,30,3,4,110,20,10,1,64149,900172,901002,PG 125001 Macha Stalker PL 3  eff:64149  armour:adaptive weapon:sniper6
125017,516,23,30,30,3,4,120,20,10,1,64149,900173,901003,PG 125001 Macha Stalker PL 4  eff:64149  armour:adaptive weapon:sniper6
125018,576,24,30,30,4,4,130,20,10,1,64149,900174,901004,PG 125001 Macha Stalker PL 5  eff:64149  armour:adaptive weapon:sniper6
125019,648,25,30,30,4,4,140,20,10,2,64149,900175,901005,PG 125001 Macha Stalker PL 6  eff:64149  armour:adaptive weapon:sniper6
125020,720,26,30,30,5,4,150,20,10,2,64149,900176,901006,PG 125001 Macha Stalker PL 7  eff:64149  armour:adaptive weapon:sniper6
125021,804,27,30,30,6,4,160,20,10,2,64149,900177,901007,PG 125001 Macha Stalker PL 8  eff:64149  armour:adaptive weapon:sniper6
125022,900,28,30,30,7,4,170,20,10,2,64149,900178,901008,PG 125001 Macha Stalker PL 9  eff:64149  armour:adaptive weapon:sniper6
125023,1008,29,30,30,7,4,180,20,10,2,64149,900179,901009,PG 125001 Macha Stalker PL 10  eff:64149  armour:adaptive weapon:sniper6
125025,320,20,30,30,0,4,90,20,10,1,64149,900170,901000,PG 125002 Macha Blue PL 1  eff:64149  armour:adaptive weapon:sniper6
125026,350,21,30,30,1,4,100,20,10,1,64149,900171,901001,PG 125002 Macha Blue PL 2  eff:64149  armour:adaptive weapon:sniper6
125027,390,22,30,30,1,4,110,20,10,1,64149,900172,901002,PG 125002 Macha Blue PL 3  eff:64149  armour:adaptive weapon:sniper6
125028,430,23,30,30,2,4,120,20,10,1,64149,900173,901003,PG 125002 Macha Blue PL 4  eff:64149  armour:adaptive weapon:sniper6
125029,480,24,30,30,3,4,130,20,10,1,64149,900174,901004,PG 125002 Macha Blue PL 5  eff:64149  armour:adaptive weapon:sniper6
125030,540,25,30,30,3,4,140,20,10,2,64149,900175,901005,PG 125002 Macha Blue PL 6  eff:64149  armour:adaptive weapon:sniper6
125031,600,26,30,30,4,4,150,20,10,2,64149,900176,901006,PG 125002 Macha Blue PL 7  eff:64149  armour:adaptive weapon:sniper6
125032,670,27,30,30,4,4,160,20,10,2,64149,900177,901007,PG 125002 Macha Blue PL 8  eff:64149  armour:adaptive weapon:sniper6
125033,750,28,30,30,4,4,170,20,10,2,64149,900178,901008,PG 125002 Macha Blue PL 9  eff:64149  armour:adaptive weapon:sniper6
125034,840,29,30,30,5,4,180,20,10,2,64149,900179,901009,PG 125002 Macha Blue PL 10  eff:64149  armour:adaptive weapon:sniper6
125036,320,15,30,30,0,4,90,20,10,1,64149,900140,901020,PG 125003 Ostrek PL 1  eff:64149  armour:heavy weapon:heavy-blade
125037,350,17,30,30,1,4,90,20,10,1,64149,900141,901021,PG 125003 Ostrek PL 2  eff:64149  armour:heavy weapon:heavy-blade
125038,390,19,30,30,1,4,90,20,10,1,64149,900142,901022,PG 125003 Ostrek PL 3  eff:64149  armour:heavy weapon:heavy-blade
125039,430,21,30,30,2,4,90,20,10,2,64149,900143,901023,PG 125003 Ostrek PL 4  eff:64149  armour:heavy weapon:heavy-blade
125040,480,23,30,30,3,4,90,20,10,2,64149,900144,901024,PG 125003 Ostrek PL 5  eff:64149  armour:heavy weapon:heavy-blade
125041,540,25,30,30,3,4,90,20,10,2,64149,900145,901025,PG 125003 Ostrek PL 6  eff:64149  armour:heavy weapon:heavy-blade
125042,600,30,30,30,4,4,90,20,10,2,64149,900146,901026,PG 125003 Ostrek PL 7  eff:64149  armour:heavy weapon:heavy-blade
125043,670,35,30,30,4,4,90,20,10,3,64149,900147,901027,PG 125003 Ostrek PL 8  eff:64149  armour:heavy weapon:heavy-blade
125044,750,40,30,30,4,4,90,20,10,3,64149,900148,901028,PG 125003 Ostrek PL 9  eff:64149  armour:heavy weapon:heavy-blade
125045,840,45,30,30,5,4,90,20,10,3,64149,900149,901029,PG 125003 Ostrek PL 10  eff:64149  armour:heavy weapon:heavy-blade
125046,1104,30,30,30,8,4,190,20,10,2,64149,900000,901010,PG 125001 Macha Stalker PL 11  eff:64149  armour:adaptive weapon:sniper6
125047,1212,31,30,30,8,4,200,20,10,2,64149,900001,901011,PG 125001 Macha Stalker PL 12  eff:64149  armour:adaptive weapon:sniper6
125048,1308,32,30,30,9,4,210,20,10,2,64149,900002,901012,PG 125001 Macha Stalker PL 13  eff:64149  armour:adaptive weapon:sniper6
125049,1416,33,30,30,9,4,220,20,10,2,64149,900003,901013,PG 125001 Macha Stalker PL 14  eff:64149  armour:adaptive weapon:sniper6
125050,1524,34,30,30,10,4,230,20,10,3,64149,900004,901014,PG 125001 Macha Stalker PL 15  eff:64149  armour:adaptive weapon:sniper6
125051,1644,35,30,30,10,4,240,20,10,3,64149,900005,901015,PG 125001 Macha Stalker PL 16  eff:64149  armour:adaptive weapon:sniper6
125052,1776,36,30,30,11,4,250,20,10,3,64149,900006,901016,PG 125001 Macha Stalker PL 17  eff:64149  armour:adaptive weapon:sniper6
125053,1920,37,30,30,11,4,260,20,10,3,64149,900007,901017,PG 125001 Macha Stalker PL 18  eff:64149  armour:adaptive weapon:sniper6
125054,2076,38,30,30,12,4,270,20,10,3,64149,900008,901018,PG 125001 Macha Stalker PL 19  eff:64149  armour:adaptive weapon:sniper6
125055,2244,39,30,30,13,4,280,20,10,3,64149,900009,901019,PG 125001 Macha Stalker PL 20  eff:64149  armour:adaptive weapon:sniper6
125056,920,30,30,30,6,4,190,20,10,2,64149,900000,901010,PG 125002 Macha Blue PL 11  eff:64149  armour:adaptive weapon:sniper6
125057,1010,31,30,30,6,4,200,20,10,2,64149,900001,901011,PG 125002 Macha Blue PL 12  eff:64149  armour:adaptive weapon:sniper6
125058,1090,32,30,30,7,4,210,20,10,2,64149,900002,901012,PG 125002 Macha Blue PL 13  eff:64149  armour:adaptive weapon:sniper6
125059,1180,33,30,30,7,4,220,20,10,2,64149,900003,901013,PG 125002 Macha Blue PL 14  eff:64149  armour:adaptive weapon:sniper6
125060,1270,34,30,30,8,4,230,20,10,3,64149,900004,901014,PG 125002 Macha Blue PL 15  eff:64149  armour:adaptive weapon:sniper6
125061,1370,35,30,30,8,4,240,20,10,3,64149,900005,901015,PG 125002 Macha Blue PL 16  eff:64149  armour:adaptive weapon:sniper6
125062,1480,36,30,30,9,4,250,20,10,3,64149,900006,901016,PG 125002 Macha Blue PL 17  eff:64149  armour:adaptive weapon:sniper6
125063,1600,37,30,30,9,4,260,20,10,3,64149,900007,901017,PG 125002 Macha Blue PL 18  eff:64149  armour:adaptive weapon:sniper6
125064,1730,38,30,30,10,4,270,20,10,3,64149,900008,901018,PG 125002 Macha Blue PL 19  eff:64149  armour:adaptive weapon:sniper6
125065,1870,39,30,30,11,4,280,20,10,3,64149,900009,901019,PG 125002 Macha Blue PL 20  eff:64149  armour:adaptive weapon:sniper6
125066,920,48,30,30,6,4,90,20,10,3,64149,900150,901030,PG 125003 Ostrek PL 11  eff:64149  armour:heavy weapon:heavy-blade
125067,1010,52,30,30,6,4,90,20,10,3,64149,900151,901031,PG 125003 Ostrek PL 12  eff:64149  armour:heavy weapon:heavy-blade
125068,1090,55,30,30,7,4,90,20,10,4,64149,900152,901032,PG 125003 Ostrek PL 13  eff:64149  armour:heavy weapon:heavy-blade
125069,1180,58,30,30,7,4,90,20,10,4,64149,900153,901033,PG 125003 Ostrek PL 14  eff:64149  armour:heavy weapon:heavy-blade
125070,1270,62,30,30,8,4,90,20,10,4,64149,900154,901034,PG 125003 Ostrek PL 15  eff:64149  armour:heavy weapon:heavy-blade
125071,1370,65,30,30,8,4,90,20,10,4,64149,900155,901035,PG 125003 Ostrek PL 16  eff:64149  armour:heavy weapon:heavy-blade
125072,1480,68,30,30,9,4,90,20,10,5,64149,900156,901036,PG 125003 Ostrek PL 17  eff:64149  armour:heavy weapon:heavy-blade
125073,1600,72,30,30,9,4,90,20,10,5,64149,900157,901037,PG 125003 Ostrek PL 18  eff:64149  armour:heavy weapon:heavy-blade
125074,1730,75,30,30,10,4,90,20,10,5,64149,900158,901038,PG 125003 Ostrek PL 19  eff:64149  armour:heavy weapon:heavy-blade
125075,1870,78,30,30,11,4,90,20,10,5,64149,900159,901039,PG 125003 Ostrek PL 20  eff:64149  armour:heavy weapon:heavy-blade
125076,2507,62,40,30,15,4,90,20,10,4,64121,900154,22414,PG 125000 Macha Gold PL 15  eff:64121  armour:superheavy weapon:heavy-blade
125077,2806,65,40,30,16,4,90,20,10,4,64121,900155,22415,PG 125000 Macha Gold PL 16  eff:64121  armour:superheavy weapon:heavy-blade
125078,3140,68,40,30,16,4,90,20,10,5,64121,900156,22416,PG 125000 Macha Gold PL 17  eff:64121  armour:superheavy weapon:heavy-blade
125079,3519,72,40,30,17,4,90,20,10,5,64121,900157,22417,PG 125000 Macha Gold PL 18  eff:64121  armour:superheavy weapon:heavy-blade
125080,3944,75,40,30,18,4,90,20,10,5,64121,900158,22418,PG 125000 Macha Gold PL 19  eff:64121  armour:superheavy weapon:heavy-blade
125081,4416,78,40,30,19,4,90,20,10,5,64121,900159,22419,PG 125000 Macha Gold PL 20  eff:64121  armour:superheavy weapon:heavy-blade
126000,380,20,40,30,4,4,90,20,10,1,64126,22000,901020,PG 126000 Razorback PL 1  eff:64126  armour:heavy weapon:shotgun
126100,428,23,40,30,5,4,90,20,10,1,64126,22001,901021,PG 126000 Razorback PL 2  eff:64126  armour:heavy weapon:shotgun
126101,475,26,40,30,6,4,95,20,10,1,64126,22002,901022,PG 126000 Razorback PL 3  eff:64126  armour:heavy weapon:shotgun
126102,532,29,40,30,7,4,95,20,10,1,64126,22003,901023,PG 126000 Razorback PL 4  eff:64126  armour:heavy weapon:shotgun
126103,608,32,40,30,8,4,100,20,10,1,64126,22004,901024,PG 126000 Razorback PL 5  eff:64126  armour:heavy weapon:shotgun
126104,694,35,40,30,9,4,100,20,10,2,64126,22005,901025,PG 126000 Razorback PL 6  eff:64126  armour:heavy weapon:shotgun
126105,788,38,40,30,10,4,105,20,10,2,64126,22006,901026,PG 126000 Razorback PL 7  eff:64126  armour:heavy weapon:shotgun
126106,902,40,40,30,10,4,105,20,10,2,64126,22007,901027,PG 126000 Razorback PL 8  eff:64126  armour:heavy weapon:shotgun
126107,1026,40,40,30,11,4,110,20,10,2,64126,22008,901028,PG 126000 Razorback PL 9  eff:64126  armour:heavy weapon:shotgun
126108,1168,40,40,30,11,4,115,20,10,2,64126,22009,901029,PG 126000 Razorback PL 10  eff:64126  armour:heavy weapon:shotgun
126110,320,20,30,30,2,4,90,20,10,1,64149,22000,901000,PG 126001 Gego PL 1  eff:64149  armour:adaptive weapon:shotgun
126111,350,23,30,30,2,4,90,20,10,1,64149,22001,901001,PG 126001 Gego PL 2  eff:64149  armour:adaptive weapon:shotgun
126112,390,26,30,30,3,4,95,20,10,1,64149,22002,901002,PG 126001 Gego PL 3  eff:64149  armour:adaptive weapon:shotgun
126113,430,29,30,30,3,4,95,20,10,1,64149,22003,901003,PG 126001 Gego PL 4  eff:64149  armour:adaptive weapon:shotgun
126114,480,32,30,30,4,4,100,20,10,1,64149,22004,901004,PG 126001 Gego PL 5  eff:64149  armour:adaptive weapon:shotgun
126115,540,35,30,30,4,4,100,20,10,2,64149,22005,901005,PG 126001 Gego PL 6  eff:64149  armour:adaptive weapon:shotgun
126116,600,38,30,30,5,4,105,20,10,2,64149,22006,901006,PG 126001 Gego PL 7  eff:64149  armour:adaptive weapon:shotgun
126117,670,40,30,30,6,4,105,20,10,2,64149,22007,901007,PG 126001 Gego PL 8  eff:64149  armour:adaptive weapon:shotgun
126118,750,40,30,30,7,4,110,20,10,2,64149,22008,901008,PG 126001 Gego PL 9  eff:64149  armour:adaptive weapon:shotgun
126119,840,40,30,30,7,4,115,20,10,2,64149,22009,901009,PG 126001 Gego PL 10  eff:64149  armour:adaptive weapon:shotgun
126122,320,20,30,30,0,4,90,20,10,1,64149,22000,901000,PG 126002 Sledge PL 1  eff:64149  armour:adaptive weapon:shotgun
126123,350,23,30,30,1,4,90,20,10,1,64149,22001,901001,PG 126002 Sledge PL 2  eff:64149  armour:adaptive weapon:shotgun
126124,390,26,30,30,1,4,95,20,10,1,64149,22002,901002,PG 126002 Sledge PL 3  eff:64149  armour:adaptive weapon:shotgun
126125,430,29,30,30,2,4,95,20,10,1,64149,22003,901003,PG 126002 Sledge PL 4  eff:64149  armour:adaptive weapon:shotgun
126126,480,32,30,30,3,4,100,20,10,1,64149,22004,901004,PG 126002 Sledge PL 5  eff:64149  armour:adaptive weapon:shotgun
126127,540,35,30,30,3,4,100,20,10,2,64149,22005,901005,PG 126002 Sledge PL 6  eff:64149  armour:adaptive weapon:shotgun
126128,600,38,30,30,4,4,105,20,10,2,64149,22006,901006,PG 126002 Sledge PL 7  eff:64149  armour:adaptive weapon:shotgun
126129,670,40,30,30,4,4,105,20,10,2,64149,22007,901007,PG 126002 Sledge PL 8  eff:64149  armour:adaptive weapon:shotgun
126130,750,40,30,30,4,4,110,20,10,2,64149,22008,901008,PG 126002 Sledge PL 9  eff:64149  armour:adaptive weapon:shotgun
126131,840,40,30,30,5,4,115,20,10,2,64149,22009,901009,PG 126002 Sledge PL 10  eff:64149  armour:adaptive weapon:shotgun
126134,320,20,30,30,0,4,90,20,10,1,64149,22000,901000,PG 126003 Armistice PL 1  eff:64149  armour:adaptive weapon:shotgun
126135,350,23,30,30,1,4,90,20,10,1,64149,22001,901001,PG 126003 Armistice PL 2  eff:64149  armour:adaptive weapon:shotgun
126136,390,26,30,30,1,4,95,20,10,1,64149,22002,901002,PG 126003 Armistice PL 3  eff:64149  armour:adaptive weapon:shotgun
126137,430,29,30,30,2,4,95,20,10,1,64149,22003,901003,PG 126003 Armistice PL 4  eff:64149  armour:adaptive weapon:shotgun
126138,480,32,30,30,3,4,100,20,10,1,64149,22004,901004,PG 126003 Armistice PL 5  eff:64149  armour:adaptive weapon:shotgun
126139,540,35,30,30,3,4,100,20,10,2,64149,22005,901005,PG 126003 Armistice PL 6  eff:64149  armour:adaptive weapon:shotgun
126140,600,38,30,30,4,4,105,20,10,2,64149,22006,901006,PG 126003 Armistice PL 7  eff:64149  armour:adaptive weapon:shotgun
126141,670,40,30,30,4,4,105,20,10,2,64149,22007,901007,PG 126003 Armistice PL 8  eff:64149  armour:adaptive weapon:shotgun
126142,750,40,30,30,4,4,110,20,10,2,64149,22008,901008,PG 126003 Armistice PL 9  eff:64149  armour:adaptive weapon:shotgun
126143,840,40,30,30,5,4,115,20,10,2,64149,22009,901009,PG 126003 Armistice PL 10  eff:64149  armour:adaptive weapon:shotgun
126200,920,42,30,30,8,4,118,20,10,2,64149,22010,901010,PG 126001 Gego PL 11  eff:64149  armour:adaptive weapon:shotgun
126201,1010,44,30,30,8,4,121,20,10,2,64149,22011,901011,PG 126001 Gego PL 12  eff:64149  armour:adaptive weapon:shotgun
126202,1090,47,30,30,9,4,123,20,10,2,64149,22012,901012,PG 126001 Gego PL 13  eff:64149  armour:adaptive weapon:shotgun
126203,1180,49,30,30,9,4,126,20,10,2,64149,22013,901013,PG 126001 Gego PL 14  eff:64149  armour:adaptive weapon:shotgun
126204,1270,51,30,30,10,4,129,20,10,3,64149,22014,901014,PG 126001 Gego PL 15  eff:64149  armour:adaptive weapon:shotgun
126205,1370,53,30,30,10,4,132,20,10,3,64149,22015,901015,PG 126001 Gego PL 16  eff:64149  armour:adaptive weapon:shotgun
126206,1480,56,30,30,11,4,134,20,10,3,64149,22016,901016,PG 126001 Gego PL 17  eff:64149  armour:adaptive weapon:shotgun
126207,1600,58,30,30,11,4,137,20,10,3,64149,22017,901017,PG 126001 Gego PL 18  eff:64149  armour:adaptive weapon:shotgun
126208,1730,60,30,30,12,4,140,20,10,3,64149,22018,901018,PG 126001 Gego PL 19  eff:64149  armour:adaptive weapon:shotgun
126209,1870,62,30,30,13,4,143,20,10,3,64149,22019,901019,PG 126001 Gego PL 20  eff:64149  armour:adaptive weapon:shotgun
126210,920,42,30,30,6,4,118,20,10,2,64149,22010,901010,PG 126002 Sledge PL 11  eff:64149  armour:adaptive weapon:shotgun
126211,1010,44,30,30,6,4,121,20,10,2,64149,22011,901011,PG 126002 Sledge PL 12  eff:64149  armour:adaptive weapon:shotgun
126212,1090,47,30,30,7,4,123,20,10,2,64149,22012,901012,PG 126002 Sledge PL 13  eff:64149  armour:adaptive weapon:shotgun
126213,1180,49,30,30,7,4,126,20,10,2,64149,22013,901013,PG 126002 Sledge PL 14  eff:64149  armour:adaptive weapon:shotgun
126214,1270,51,30,30,8,4,129,20,10,3,64149,22014,901014,PG 126002 Sledge PL 15  eff:64149  armour:adaptive weapon:shotgun
126215,1370,53,30,30,8,4,132,20,10,3,64149,22015,901015,PG 126002 Sledge PL 16  eff:64149  armour:adaptive weapon:shotgun
126216,1480,56,30,30,9,4,134,20,10,3,64149,22016,901016,PG 126002 Sledge PL 17  eff:64149  armour:adaptive weapon:shotgun
126217,1600,58,30,30,9,4,137,20,10,3,64149,22017,901017,PG 126002 Sledge PL 18  eff:64149  armour:adaptive weapon:shotgun
126218,1730,60,30,30,10,4,140,20,10,3,64149,22018,901018,PG 126002 Sledge PL 19  eff:64149  armour:adaptive weapon:shotgun
126219,1870,62,30,30,11,4,143,20,10,3,64149,22019,901019,PG 126002 Sledge PL 20  eff:64149  armour:adaptive weapon:shotgun
126220,920,42,30,30,6,4,118,20,10,2,64149,22010,901010,PG 126003 Armistice PL 11  eff:64149  armour:adaptive weapon:shotgun
126221,1010,44,30,30,6,4,121,20,10,2,64149,22011,901011,PG 126003 Armistice PL 12  eff:64149  armour:adaptive weapon:shotgun
126222,1090,47,30,30,7,4,123,20,10,2,64149,22012,901012,PG 126003 Armistice PL 13  eff:64149  armour:adaptive weapon:shotgun
126223,1180,49,30,30,7,4,126,20,10,2,64149,22013,901013,PG 126003 Armistice PL 14  eff:64149  armour:adaptive weapon:shotgun
126224,1270,51,30,30,8,4,129,20,10,3,64149,22014,901014,PG 126003 Armistice PL 15  eff:64149  armour:adaptive weapon:shotgun
126225,1370,53,30,30,8,4,132,20,10,3,64149,22015,901015,PG 126003 Armistice PL 16  eff:64149  armour:adaptive weapon:shotgun
126226,1480,56,30,30,9,4,134,20,10,3,64149,22016,901016,PG 126003 Armistice PL 17  eff:64149  armour:adaptive weapon:shotgun
126227,1600,58,30,30,9,4,137,20,10,3,64149,22017,901017,PG 126003 Armistice PL 18  eff:64149  armour:adaptive weapon:shotgun
126228,1730,60,30,30,10,4,140,20,10,3,64149,22018,901018,PG 126003 Armistice PL 19  eff:64149  armour:adaptive weapon:shotgun
126229,1870,62,30,30,11,4,143,20,10,3,64149,22019,901019,PG 126003 Armistice PL 20  eff:64149  armour:adaptive weapon:shotgun
126230,1311,42,40,30,12,4,118,20,10,2,64126,22010,901030,PG 126000 Razorback PL 11  eff:64126  armour:heavy weapon:shotgun
126231,1472,44,40,30,13,4,121,20,10,2,64126,22011,901031,PG 126000 Razorback PL 12  eff:64126  armour:heavy weapon:shotgun
126232,1653,47,40,30,13,4,123,20,10,2,64126,22012,901032,PG 126000 Razorback PL 13  eff:64126  armour:heavy weapon:shotgun
126233,1852,49,40,30,14,4,126,20,10,2,64126,22013,901033,PG 126000 Razorback PL 14  eff:64126  armour:heavy weapon:shotgun
126234,2071,51,40,30,15,4,129,20,10,3,64126,22014,901034,PG 126000 Razorback PL 15  eff:64126  armour:heavy weapon:shotgun
126235,2318,53,40,30,16,4,132,20,10,3,64126,22015,901035,PG 126000 Razorback PL 16  eff:64126  armour:heavy weapon:shotgun
126236,2594,56,40,30,16,4,134,20,10,3,64126,22016,901036,PG 126000 Razorback PL 17  eff:64126  armour:heavy weapon:shotgun
126237,2907,58,40,30,17,4,137,20,10,3,64126,22017,901037,PG 126000 Razorback PL 18  eff:64126  armour:heavy weapon:shotgun
126238,3258,60,40,30,18,4,140,20,10,3,64126,22018,901038,PG 126000 Razorback PL 19  eff:64126  armour:heavy weapon:shotgun
126239,3648,62,40,30,19,4,143,20,10,3,64126,22019,901039,PG 126000 Razorback PL 20  eff:64126  armour:heavy weapon:shotgun
127000,448,15,40,30,4,6,90,20,10,1,64148,900180,901020,PG 127000 Baby Jack PL 1  eff:64148  armour:heavy weapon:thrasher
127100,504,17,40,30,5,6,90,20,10,1,64148,900181,901021,PG 127000 Baby Jack PL 2  eff:64148  armour:heavy weapon:thrasher
127101,560,19,40,30,6,6,90,20,10,1,64148,900182,901022,PG 127000 Baby Jack PL 3  eff:64148  armour:heavy weapon:thrasher
127102,627,21,40,30,7,6,90,20,10,2,64148,900183,901023,PG 127000 Baby Jack PL 4  eff:64148  armour:heavy weapon:thrasher
127103,717,23,40,30,8,6,90,20,10,2,64148,900184,901024,PG 127000 Baby Jack PL 5  eff:64148  armour:heavy weapon:thrasher
127104,818,25,40,30,9,6,90,20,10,2,64148,900185,901025,PG 127000 Baby Jack PL 6  eff:64148  armour:heavy weapon:thrasher
127105,930,30,40,30,10,6,90,20,10,2,64148,900186,901026,PG 127000 Baby Jack PL 7  eff:64148  armour:heavy weapon:thrasher
127106,1064,35,40,30,10,6,90,20,10,3,64148,900187,901027,PG 127000 Baby Jack PL 8  eff:64148  armour:heavy weapon:thrasher
127107,1210,40,40,30,11,6,90,20,10,3,64148,900188,901028,PG 127000 Baby Jack PL 9  eff:64148  armour:heavy weapon:thrasher
127108,1378,45,40,30,11,6,90,20,10,3,64148,900189,901029,PG 127000 Baby Jack PL 10  eff:64148  armour:heavy weapon:thrasher
127113,400,20,30,30,2,4,90,20,10,1,64149,22000,901000,PG 127001 Baby Hunter PL 1  eff:64149  armour:adaptive weapon:shotgun
127114,438,23,30,30,2,4,90,20,10,1,64149,22001,901001,PG 127001 Baby Hunter PL 2  eff:64149  armour:adaptive weapon:shotgun
127115,488,26,30,30,3,4,95,20,10,1,64149,22002,901002,PG 127001 Baby Hunter PL 3  eff:64149  armour:adaptive weapon:shotgun
127116,538,29,30,30,3,4,95,20,10,1,64149,22003,901003,PG 127001 Baby Hunter PL 4  eff:64149  armour:adaptive weapon:shotgun
127117,600,32,30,30,4,4,100,20,10,1,64149,22004,901004,PG 127001 Baby Hunter PL 5  eff:64149  armour:adaptive weapon:shotgun
127118,675,35,30,30,4,4,100,20,10,2,64149,22005,901005,PG 127001 Baby Hunter PL 6  eff:64149  armour:adaptive weapon:shotgun
127119,750,38,30,30,5,4,105,20,10,2,64149,22006,901006,PG 127001 Baby Hunter PL 7  eff:64149  armour:adaptive weapon:shotgun
127120,838,40,30,30,6,4,105,20,10,2,64149,22007,901007,PG 127001 Baby Hunter PL 8  eff:64149  armour:adaptive weapon:shotgun
127121,938,40,30,30,7,4,110,20,10,2,64149,22008,901008,PG 127001 Baby Hunter PL 9  eff:64149  armour:adaptive weapon:shotgun
127122,1050,40,30,30,7,4,115,20,10,2,64149,22009,901009,PG 127001 Baby Hunter PL 10  eff:64149  armour:adaptive weapon:shotgun
127124,320,20,30,30,0,4,90,20,10,1,64149,900170,22100,PG 127002 Baby Sniper PL 1  eff:64149  armour:sniper weapon:sniper6
127125,350,21,30,30,1,4,100,20,10,1,64149,900171,22101,PG 127002 Baby Sniper PL 2  eff:64149  armour:sniper weapon:sniper6
127126,390,22,30,30,1,4,110,20,10,1,64149,900172,22102,PG 127002 Baby Sniper PL 3  eff:64149  armour:sniper weapon:sniper6
127127,430,23,30,30,2,4,120,20,10,1,64149,900173,22103,PG 127002 Baby Sniper PL 4  eff:64149  armour:sniper weapon:sniper6
127128,480,24,30,30,3,4,130,20,10,1,64149,900174,22104,PG 127002 Baby Sniper PL 5  eff:64149  armour:sniper weapon:sniper6
127129,540,25,30,30,3,4,140,20,10,2,64149,900175,22105,PG 127002 Baby Sniper PL 6  eff:64149  armour:sniper weapon:sniper6
127130,600,26,30,30,4,4,150,20,10,2,64149,900176,22116,PG 127002 Baby Sniper PL 7  eff:64149  armour:sniper weapon:sniper6
127131,670,27,30,30,4,4,160,20,10,2,64149,900177,22117,PG 127002 Baby Sniper PL 8  eff:64149  armour:sniper weapon:sniper6
127132,750,28,30,30,4,4,170,20,10,2,64149,900178,22118,PG 127002 Baby Sniper PL 9  eff:64149  armour:sniper weapon:sniper6
127133,840,29,30,30,5,4,180,20,10,2,64149,900179,22119,PG 127002 Baby Sniper PL 10  eff:64149  armour:sniper weapon:sniper6
127135,400,15,30,30,0,4,90,20,10,1,64149,900160,901000,PG 127003 Baby Stalker PL 1  eff:64149  armour:adaptive weapon:blade5
127136,438,17,30,30,1,4,90,20,10,1,64149,900161,901001,PG 127003 Baby Stalker PL 2  eff:64149  armour:adaptive weapon:blade5
127137,488,19,30,30,1,4,90,20,10,1,64149,900162,901002,PG 127003 Baby Stalker PL 3  eff:64149  armour:adaptive weapon:blade5
127138,538,21,30,30,2,4,90,20,10,2,64149,900163,901003,PG 127003 Baby Stalker PL 4  eff:64149  armour:adaptive weapon:blade5
127139,600,23,30,30,3,4,90,20,10,2,64149,900164,901004,PG 127003 Baby Stalker PL 5  eff:64149  armour:adaptive weapon:blade5
127140,675,25,30,30,3,4,90,20,10,2,64149,900165,901005,PG 127003 Baby Stalker PL 6  eff:64149  armour:adaptive weapon:blade5
127141,750,30,30,30,4,4,90,20,10,2,64149,900166,901006,PG 127003 Baby Stalker PL 7  eff:64149  armour:adaptive weapon:blade5
127142,838,35,30,30,4,4,90,20,10,3,64149,900167,901007,PG 127003 Baby Stalker PL 8  eff:64149  armour:adaptive weapon:blade5
127143,938,40,30,30,4,4,90,20,10,3,64149,900168,901008,PG 127003 Baby Stalker PL 9  eff:64149  armour:adaptive weapon:blade5
127144,1050,45,30,30,5,4,90,20,10,3,64149,900169,901009,PG 127003 Baby Stalker PL 10  eff:64149  armour:adaptive weapon:blade5
127145,320,20,30,30,2,0,90,20,10,1,,900170,22100,PG 128000 Sniper Survivor PL 1  eff:0  armour:sniper weapon:sniper6
127146,350,21,30,30,2,0,100,20,10,1,,900171,22101,PG 128000 Sniper Survivor PL 2  eff:0  armour:sniper weapon:sniper6
127147,390,22,30,30,3,0,110,20,10,1,,900172,22102,PG 128000 Sniper Survivor PL 3  eff:0  armour:sniper weapon:sniper6
127148,430,23,30,30,3,0,120,20,10,1,,900173,22103,PG 128000 Sniper Survivor PL 4  eff:0  armour:sniper weapon:sniper6
127149,480,24,30,30,4,0,130,20,10,1,,900174,22104,PG 128000 Sniper Survivor PL 5  eff:0  armour:sniper weapon:sniper6
127150,540,25,30,30,4,0,140,20,10,2,,900175,22105,PG 128000 Sniper Survivor PL 6  eff:0  armour:sniper weapon:sniper6
127151,600,26,30,30,5,0,150,20,10,2,,900176,22116,PG 128000 Sniper Survivor PL 7  eff:0  armour:sniper weapon:sniper6
127152,670,27,30,30,6,0,160,20,10,2,,900177,22117,PG 128000 Sniper Survivor PL 8  eff:0  armour:sniper weapon:sniper6
127153,750,28,30,30,7,0,170,20,10,2,,900178,22118,PG 128000 Sniper Survivor PL 9  eff:0  armour:sniper weapon:sniper6
127154,840,29,30,30,7,0,180,20,10,2,,900179,22119,PG 128000 Sniper Survivor PL 10  eff:0  armour:sniper weapon:sniper6
127155,400,20,30,30,2,3,120,20,10,1,,21001,901020,PG 128100 VIP PL 1  eff:0  armour:heavy weapon:revolver
127156,438,21,30,30,2,3,120,20,10,1,,21002,901021,PG 128100 VIP PL 2  eff:0  armour:heavy weapon:revolver
127157,488,22,30,30,3,3,120,20,10,1,,21003,901022,PG 128100 VIP PL 3  eff:0  armour:heavy weapon:revolver
127158,538,23,30,30,3,3,130,20,10,1,,21004,901023,PG 128100 VIP PL 4  eff:0  armour:heavy weapon:revolver
127159,600,24,30,30,4,3,130,20,10,1,,21005,901024,PG 128100 VIP PL 5  eff:0  armour:heavy weapon:revolver
127160,675,25,30,30,4,3,140,20,10,2,,21006,901025,PG 128100 VIP PL 6  eff:0  armour:heavy weapon:revolver
127161,750,26,30,30,5,3,140,20,10,2,,21007,901026,PG 128100 VIP PL 7  eff:0  armour:heavy weapon:revolver
127162,838,27,30,30,6,3,160,20,10,2,,21008,901027,PG 128100 VIP PL 8  eff:0  armour:heavy weapon:revolver
127163,938,28,30,30,7,3,160,20,10,3,,21009,901028,PG 128100 VIP PL 9  eff:0  armour:heavy weapon:revolver
127164,1050,29,30,30,7,3,180,20,10,3,,21010,901029,PG 128100 VIP PL 10  eff:0  armour:heavy weapon:revolver
127200,240,10,40,20,2,0,90,20,10,1,,23011,22100,PG 127200 Head Researcher PL 1  eff:0  armour:sniper weapon:corp-smg
127201,260,12,40,20,2,0,90,20,10,1,,23012,22101,PG 127200 Head Researcher PL 2  eff:0  armour:sniper weapon:corp-smg
127202,280,14,40,20,3,0,95,20,10,1,,23013,22102,PG 127200 Head Researcher PL 3  eff:0  armour:sniper weapon:corp-smg
127203,300,16,40,20,3,0,95,20,10,2,,23014,22103,PG 127200 Head Researcher PL 4  eff:0  armour:sniper weapon:corp-smg
127204,320,18,40,30,4,0,100,20,10,2,,23015,22104,PG 127200 Head Researcher PL 5  eff:0  armour:sniper weapon:corp-smg
127205,350,20,40,30,4,0,100,20,10,2,,23016,22105,PG 127200 Head Researcher PL 6  eff:0  armour:sniper weapon:corp-smg
127206,380,22,40,30,5,0,105,20,10,2,,23017,22116,PG 127200 Head Researcher PL 7  eff:0  armour:sniper weapon:corp-smg
127207,410,24,40,30,6,0,105,20,10,3,,23018,22117,PG 127200 Head Researcher PL 8  eff:0  armour:sniper weapon:corp-smg
127208,450,26,40,30,7,0,110,20,10,3,,23019,22118,PG 127200 Head Researcher PL 9  eff:0  armour:sniper weapon:corp-smg
127209,500,30,40,30,7,0,115,20,10,3,,23020,22119,PG 127200 Head Researcher PL 10  eff:0  armour:sniper weapon:corp-smg
127211,460,10,40,30,4,4,90,20,10,1,64121,23060,22400,PG 127300 Le Sidewinder PL 1  eff:64121  armour:superheavy weapon:erifle
127212,540,12,40,30,5,4,90,20,10,1,64121,23061,22401,PG 127300 Le Sidewinder PL 2  eff:64121  armour:superheavy weapon:erifle
127213,600,14,40,30,6,4,90,20,10,1,64121,23062,22402,PG 127300 Le Sidewinder PL 3  eff:64121  armour:superheavy weapon:erifle
127214,700,16,40,30,7,4,90,20,10,1,64121,23063,22403,PG 127300 Le Sidewinder PL 4  eff:64121  armour:superheavy weapon:erifle
127215,800,18,40,30,8,4,90,20,10,2,64121,23064,22404,PG 127300 Le Sidewinder PL 5  eff:64121  armour:superheavy weapon:erifle
127216,912,20,40,30,9,4,90,20,10,2,64121,23065,22405,PG 127300 Le Sidewinder PL 6  eff:64121  armour:superheavy weapon:erifle
127217,1038,22,40,30,10,4,90,20,10,2,64121,23066,22406,PG 127300 Le Sidewinder PL 7  eff:64121  armour:superheavy weapon:erifle
127218,1235,24,40,30,10,4,90,20,10,2,64121,23067,22407,PG 127300 Le Sidewinder PL 8  eff:64121  armour:superheavy weapon:erifle
127219,1404,26,40,30,11,4,90,20,10,2,64121,23068,22408,PG 127300 Le Sidewinder PL 9  eff:64121  armour:superheavy weapon:erifle
127220,1624,30,40,30,11,4,90,20,10,2,64121,23069,22409,PG 127300 Le Sidewinder PL 10  eff:64121  armour:superheavy weapon:erifle
127222,480,15,40,30,4,6,90,20,10,1,64148,900180,901020,PG 127330 War Elephant PL 1  eff:64148  armour:heavy weapon:thrasher
127223,540,17,40,30,5,6,90,20,10,1,64148,900181,901021,PG 127330 War Elephant PL 2  eff:64148  armour:heavy weapon:thrasher
127224,600,19,40,30,6,6,90,20,10,1,64148,900182,901022,PG 127330 War Elephant PL 3  eff:64148  armour:heavy weapon:thrasher
127225,672,21,40,30,7,6,90,20,10,2,64148,900183,901023,PG 127330 War Elephant PL 4  eff:64148  armour:heavy weapon:thrasher
127226,768,23,40,30,8,6,90,20,10,2,64148,900184,901024,PG 127330 War Elephant PL 5  eff:64148  armour:heavy weapon:thrasher
127227,876,25,40,30,9,6,90,20,10,2,64148,900185,901025,PG 127330 War Elephant PL 6  eff:64148  armour:heavy weapon:thrasher
127228,996,30,40,30,10,6,90,20,10,2,64148,900186,901026,PG 127330 War Elephant PL 7  eff:64148  armour:heavy weapon:thrasher
127229,1140,35,40,30,10,6,90,20,10,3,64148,900187,901027,PG 127330 War Elephant PL 8  eff:64148  armour:heavy weapon:thrasher
127230,1296,40,40,30,11,6,90,20,10,3,64148,900188,901028,PG 127330 War Elephant PL 9  eff:64148  armour:heavy weapon:thrasher
127231,1476,45,40,30,11,6,90,20,10,3,64148,900189,901029,PG 127330 War Elephant PL 10  eff:64148  armour:heavy weapon:thrasher
127233,358,20,30,30,2,4,90,20,10,1,64149,900170,901000,PG 127340 Downrange PL 1  eff:64149  armour:adaptive weapon:sniper6
127234,392,21,30,30,2,4,100,20,10,1,64149,900171,901001,PG 127340 Downrange PL 2  eff:64149  armour:adaptive weapon:sniper6
127235,437,22,30,30,3,4,110,20,10,1,64149,900172,901002,PG 127340 Downrange PL 3  eff:64149  armour:adaptive weapon:sniper6
127236,482,23,30,30,3,4,120,20,10,1,64149,900173,901003,PG 127340 Downrange PL 4  eff:64149  armour:adaptive weapon:sniper6
127237,538,24,30,30,4,4,130,20,10,1,64149,900174,901004,PG 127340 Downrange PL 5  eff:64149  armour:adaptive weapon:sniper6
127238,605,25,30,30,4,4,140,20,10,2,64149,900175,901005,PG 127340 Downrange PL 6  eff:64149  armour:adaptive weapon:sniper6
127239,672,26,30,30,5,4,150,20,10,2,64149,900176,901006,PG 127340 Downrange PL 7  eff:64149  armour:adaptive weapon:sniper6
127240,750,27,30,30,6,4,160,20,10,2,64149,900177,901007,PG 127340 Downrange PL 8  eff:64149  armour:adaptive weapon:sniper6
127241,840,28,30,30,7,4,170,20,10,2,64149,900178,901008,PG 127340 Downrange PL 9  eff:64149  armour:adaptive weapon:sniper6
127242,941,29,30,30,7,4,180,20,10,2,64149,900179,901009,PG 127340 Downrange PL 10  eff:64149  armour:adaptive weapon:sniper6
127244,358,20,30,30,0,4,90,20,10,1,64149,900170,901000,PG 127350 Shooter PL 1  eff:64149  armour:adaptive weapon:sniper6
127245,392,21,30,30,1,4,100,20,10,1,64149,900171,901001,PG 127350 Shooter PL 2  eff:64149  armour:adaptive weapon:sniper6
127246,437,22,30,30,1,4,110,20,10,1,64149,900172,901002,PG 127350 Shooter PL 3  eff:64149  armour:adaptive weapon:sniper6
127247,482,23,30,30,2,4,120,20,10,1,64149,900173,901003,PG 127350 Shooter PL 4  eff:64149  armour:adaptive weapon:sniper6
127248,538,24,30,30,3,4,130,20,10,1,64149,900174,901004,PG 127350 Shooter PL 5  eff:64149  armour:adaptive weapon:sniper6
127249,605,25,30,30,3,4,140,20,10,2,64149,900175,901005,PG 127350 Shooter PL 6  eff:64149  armour:adaptive weapon:sniper6
127250,672,26,30,30,4,4,150,20,10,2,64149,900176,901006,PG 127350 Shooter PL 7  eff:64149  armour:adaptive weapon:sniper6
127251,750,27,30,30,4,4,160,20,10,2,64149,900177,901007,PG 127350 Shooter PL 8  eff:64149  armour:adaptive weapon:sniper6
127252,840,28,30,30,4,4,170,20,10,2,64149,900178,901008,PG 127350 Shooter PL 9  eff:64149  armour:adaptive weapon:sniper6
127253,941,29,30,30,5,4,180,20,10,2,64149,900179,901009,PG 127350 Shooter PL 10  eff:64149  armour:adaptive weapon:sniper6
127255,378,15,30,30,0,4,90,20,10,1,64149,900180,901000,PG 127360 Diablo White PL 1  eff:64149  armour:adaptive weapon:thrasher
127256,413,17,30,30,1,4,90,20,10,1,64149,900181,901001,PG 127360 Diablo White PL 2  eff:64149  armour:adaptive weapon:thrasher
127257,460,19,30,30,1,4,90,20,10,1,64149,900182,901002,PG 127360 Diablo White PL 3  eff:64149  armour:adaptive weapon:thrasher
127258,507,21,30,30,2,4,90,20,10,2,64149,900183,901003,PG 127360 Diablo White PL 4  eff:64149  armour:adaptive weapon:thrasher
127259,566,23,30,30,3,4,90,20,10,2,64149,900184,901004,PG 127360 Diablo White PL 5  eff:64149  armour:adaptive weapon:thrasher
127260,637,25,30,30,3,4,90,20,10,2,64149,900185,901005,PG 127360 Diablo White PL 6  eff:64149  armour:adaptive weapon:thrasher
127261,708,30,30,30,4,4,90,20,10,2,64149,900186,901006,PG 127360 Diablo White PL 7  eff:64149  armour:adaptive weapon:thrasher
127262,791,35,30,30,4,4,90,20,10,3,64149,900187,901007,PG 127360 Diablo White PL 8  eff:64149  armour:adaptive weapon:thrasher
127263,885,40,30,30,4,4,90,20,10,3,64149,900188,901008,PG 127360 Diablo White PL 9  eff:64149  armour:adaptive weapon:thrasher
127264,991,45,30,30,5,4,90,20,10,3,64149,900189,901009,PG 127360 Diablo White PL 10  eff:64149  armour:adaptive weapon:thrasher
127266,460,20,40,30,4,4,120,20,10,1,64121,21001,22400,PG 127380 Six-Gun Val PL 1  eff:64121  armour:superheavy weapon:revolver
127267,540,21,40,30,5,4,120,20,10,1,64121,21002,22401,PG 127380 Six-Gun Val PL 2  eff:64121  armour:superheavy weapon:revolver
127268,600,22,40,30,6,4,120,20,10,1,64121,21003,22402,PG 127380 Six-Gun Val PL 3  eff:64121  armour:superheavy weapon:revolver
127269,700,23,40,30,7,4,130,20,10,1,64121,21004,22403,PG 127380 Six-Gun Val PL 4  eff:64121  armour:superheavy weapon:revolver
127270,800,24,40,30,8,4,130,20,10,1,64121,21005,22404,PG 127380 Six-Gun Val PL 5  eff:64121  armour:superheavy weapon:revolver
127271,912,25,40,30,9,4,140,20,10,2,64121,21006,22405,PG 127380 Six-Gun Val PL 6  eff:64121  armour:superheavy weapon:revolver
127272,1038,26,40,30,10,4,140,20,10,2,64121,21007,22406,PG 127380 Six-Gun Val PL 7  eff:64121  armour:superheavy weapon:revolver
127273,1235,27,40,30,10,4,160,20,10,2,64121,21008,22407,PG 127380 Six-Gun Val PL 8  eff:64121  armour:superheavy weapon:revolver
127274,1404,28,40,30,11,4,160,20,10,3,64121,21009,22408,PG 127380 Six-Gun Val PL 9  eff:64121  armour:superheavy weapon:revolver
127275,1624,29,40,30,11,4,180,20,10,3,64121,21010,22409,PG 127380 Six-Gun Val PL 10  eff:64121  armour:superheavy weapon:revolver
127277,358,10,30,30,2,4,90,20,10,1,64149,23060,901000,PG 127383 Cowboy Sam PL 1  eff:64149  armour:adaptive weapon:erifle
127278,392,12,30,30,2,4,90,20,10,1,64149,23061,901001,PG 127383 Cowboy Sam PL 2  eff:64149  armour:adaptive weapon:erifle
127279,437,14,30,30,3,4,95,20,10,1,64149,23062,901002,PG 127383 Cowboy Sam PL 3  eff:64149  armour:adaptive weapon:erifle
127280,482,16,30,30,3,4,95,20,10,2,64149,23063,901003,PG 127383 Cowboy Sam PL 4  eff:64149  armour:adaptive weapon:erifle
127281,538,18,30,30,4,4,100,20,10,2,64149,23064,901004,PG 127383 Cowboy Sam PL 5  eff:64149  armour:adaptive weapon:erifle
127282,605,20,30,30,4,4,100,20,10,2,64149,23064,901005,PG 127383 Cowboy Sam PL 6  eff:64149  armour:adaptive weapon:erifle
127283,672,22,30,30,5,4,105,20,10,2,64149,23065,901006,PG 127383 Cowboy Sam PL 7  eff:64149  armour:adaptive weapon:erifle
127284,750,24,30,30,6,4,105,20,10,2,64149,23065,901007,PG 127383 Cowboy Sam PL 8  eff:64149  armour:adaptive weapon:erifle
127285,840,26,30,30,7,4,110,20,10,2,64149,23066,901008,PG 127383 Cowboy Sam PL 9  eff:64149  armour:adaptive weapon:erifle
127286,941,30,30,30,7,4,115,20,10,2,64149,23066,901009,PG 127383 Cowboy Sam PL 10  eff:64149  armour:adaptive weapon:erifle
127288,358,10,30,30,0,4,90,20,10,1,64149,23060,901000,PG 127384 Space Hat PL 1  eff:64149  armour:adaptive weapon:erifle
127289,392,12,30,30,1,4,90,20,10,1,64149,23061,901001,PG 127384 Space Hat PL 2  eff:64149  armour:adaptive weapon:erifle
127290,437,14,30,30,1,4,95,20,10,1,64149,23062,901002,PG 127384 Space Hat PL 3  eff:64149  armour:adaptive weapon:erifle
127291,482,16,30,30,2,4,95,20,10,2,64149,23063,901003,PG 127384 Space Hat PL 4  eff:64149  armour:adaptive weapon:erifle
127292,538,18,30,30,3,4,100,20,10,2,64149,23064,901004,PG 127384 Space Hat PL 5  eff:64149  armour:adaptive weapon:erifle
127293,605,20,30,30,3,4,100,20,10,2,64149,23064,901005,PG 127384 Space Hat PL 6  eff:64149  armour:adaptive weapon:erifle
127294,672,22,30,30,4,4,105,20,10,2,64149,23065,901006,PG 127384 Space Hat PL 7  eff:64149  armour:adaptive weapon:erifle
127295,750,24,30,30,4,4,105,20,10,2,64149,23065,901007,PG 127384 Space Hat PL 8  eff:64149  armour:adaptive weapon:erifle
127296,840,26,30,30,4,4,110,20,10,2,64149,23066,901008,PG 127384 Space Hat PL 9  eff:64149  armour:adaptive weapon:erifle
127297,941,30,30,30,5,4,115,20,10,2,64149,23066,901009,PG 127384 Space Hat PL 10  eff:64149  armour:adaptive weapon:erifle
127299,378,20,30,30,0,4,120,20,10,1,64149,21001,901000,PG 127382 Mojo PL 1  eff:64149  armour:adaptive weapon:revolver
127300,413,21,30,30,1,4,120,20,10,1,64149,21002,901001,PG 127382 Mojo PL 2  eff:64149  armour:adaptive weapon:revolver
127301,460,22,30,30,1,4,120,20,10,1,64149,21003,901002,PG 127382 Mojo PL 3  eff:64149  armour:adaptive weapon:revolver
127302,507,23,30,30,2,4,130,20,10,1,64149,21004,901003,PG 127382 Mojo PL 4  eff:64149  armour:adaptive weapon:revolver
127303,566,24,30,30,3,4,130,20,10,1,64149,21005,901004,PG 127382 Mojo PL 5  eff:64149  armour:adaptive weapon:revolver
127304,637,25,30,30,3,4,140,20,10,2,64149,21006,901005,PG 127382 Mojo PL 6  eff:64149  armour:adaptive weapon:revolver
127305,708,26,30,30,4,4,140,20,10,2,64149,21007,901006,PG 127382 Mojo PL 7  eff:64149  armour:adaptive weapon:revolver
127306,791,27,30,30,4,4,160,20,10,2,64149,21008,901007,PG 127382 Mojo PL 8  eff:64149  armour:adaptive weapon:revolver
127307,885,28,30,30,4,4,160,20,10,3,64149,21009,901008,PG 127382 Mojo PL 9  eff:64149  armour:adaptive weapon:revolver
127308,991,29,30,30,5,4,180,20,10,3,64149,21010,901009,PG 127382 Mojo PL 10  eff:64149  armour:adaptive weapon:revolver
127310,532,20,40,30,4,4,120,20,10,1,64121,21001,22400,PG 127310 Brauk Executioner PL 1  eff:64121  armour:superheavy weapon:revolver
127311,598,21,40,30,5,4,120,20,10,1,64121,21002,22401,PG 127310 Brauk Executioner PL 2  eff:64121  armour:superheavy weapon:revolver
127312,665,22,40,30,6,4,120,20,10,1,64121,21003,22402,PG 127310 Brauk Executioner PL 3  eff:64121  armour:superheavy weapon:revolver
127313,745,23,40,30,7,4,130,20,10,1,64121,21004,22403,PG 127310 Brauk Executioner PL 4  eff:64121  armour:superheavy weapon:revolver
127314,851,24,40,30,8,4,130,20,10,1,64121,21005,22404,PG 127310 Brauk Executioner PL 5  eff:64121  armour:superheavy weapon:revolver
127315,971,25,40,30,9,4,140,20,10,2,64121,21006,22405,PG 127310 Brauk Executioner PL 6  eff:64121  armour:superheavy weapon:revolver
127316,1104,26,40,30,10,4,140,20,10,2,64121,21007,22406,PG 127310 Brauk Executioner PL 7  eff:64121  armour:superheavy weapon:revolver
127317,1264,27,40,30,10,4,160,20,10,2,64121,21008,22407,PG 127310 Brauk Executioner PL 8  eff:64121  armour:superheavy weapon:revolver
127318,1436,28,40,30,11,4,160,20,10,3,64121,21009,22408,PG 127310 Brauk Executioner PL 9  eff:64121  armour:superheavy weapon:revolver
127319,1636,29,40,30,11,4,180,20,10,3,64121,21010,22409,PG 127310 Brauk Executioner PL 10  eff:64121  armour:superheavy weapon:revolver
127321,500,15,40,30,4,4,90,20,10,1,64121,900140,22400,PG 127320 MIRA PL 1  eff:64121  armour:superheavy weapon:heavy-blade
127322,562,17,40,30,5,4,90,20,10,1,64121,900141,22401,PG 127320 MIRA PL 2  eff:64121  armour:superheavy weapon:heavy-blade
127323,625,19,40,30,6,4,90,20,10,1,64121,900142,22402,PG 127320 MIRA PL 3  eff:64121  armour:superheavy weapon:heavy-blade
127324,700,21,40,30,7,4,90,20,10,2,64121,900143,22403,PG 127320 MIRA PL 4  eff:64121  armour:superheavy weapon:heavy-blade
127325,800,23,40,30,8,4,90,20,10,2,64121,900144,22404,PG 127320 MIRA PL 5  eff:64121  armour:superheavy weapon:heavy-blade
127326,912,25,40,30,9,4,90,20,10,2,64121,900145,22405,PG 127320 MIRA PL 6  eff:64121  armour:superheavy weapon:heavy-blade
127327,1038,30,40,30,10,4,90,20,10,2,64121,900146,22406,PG 127320 MIRA PL 7  eff:64121  armour:superheavy weapon:heavy-blade
127328,1188,35,40,30,10,4,90,20,10,3,64121,900147,22407,PG 127320 MIRA PL 8  eff:64121  armour:superheavy weapon:heavy-blade
127329,1350,40,40,30,11,4,90,20,10,3,64121,900148,22408,PG 127320 MIRA PL 9  eff:64121  armour:superheavy weapon:heavy-blade
127330,1538,45,40,30,11,4,90,20,10,3,64121,900149,22409,PG 127320 MIRA PL 10  eff:64121  armour:superheavy weapon:heavy-blade
127331,460,20,40,30,4,4,90,20,10,1,64126,22000,901020,PG 127390 Lady Niner PL 1  eff:64126  armour:heavy weapon:shotgun
127332,540,23,40,30,5,4,90,20,10,1,64126,22001,901021,PG 127390 Lady Niner PL 2  eff:64126  armour:heavy weapon:shotgun
127333,600,26,40,30,6,4,95,20,10,1,64126,22002,901022,PG 127390 Lady Niner PL 3  eff:64126  armour:heavy weapon:shotgun
127334,700,29,40,30,7,4,95,20,10,1,64126,22003,901023,PG 127390 Lady Niner PL 4  eff:64126  armour:heavy weapon:shotgun
127335,800,32,40,30,8,4,100,20,10,1,64126,22004,901024,PG 127390 Lady Niner PL 5  eff:64126  armour:heavy weapon:shotgun
127336,912,35,40,30,9,4,100,20,10,2,64126,22005,901025,PG 127390 Lady Niner PL 6  eff:64126  armour:heavy weapon:shotgun
127337,1038,38,40,30,10,4,105,20,10,2,64126,22006,901026,PG 127390 Lady Niner PL 7  eff:64126  armour:heavy weapon:shotgun
127338,1235,40,40,30,10,4,105,20,10,2,64126,22007,901027,PG 127390 Lady Niner PL 8  eff:64126  armour:heavy weapon:shotgun
127339,1404,40,40,30,11,4,110,20,10,2,64126,22008,901028,PG 127390 Lady Niner PL 9  eff:64126  armour:heavy weapon:shotgun
127340,1624,40,40,30,11,4,115,20,10,2,64126,22009,901029,PG 127390 Lady Niner PL 10  eff:64126  armour:heavy weapon:shotgun
127342,320,20,30,30,2,4,90,20,10,1,64149,22000,901000,PG 127392 Dozer PL 1  eff:64149  armour:adaptive weapon:shotgun
127343,350,23,30,30,2,4,90,20,10,1,64149,22001,901001,PG 127392 Dozer PL 2  eff:64149  armour:adaptive weapon:shotgun
127344,390,26,30,30,3,4,95,20,10,1,64149,22002,901002,PG 127392 Dozer PL 3  eff:64149  armour:adaptive weapon:shotgun
127345,430,29,30,30,3,4,95,20,10,1,64149,22003,901003,PG 127392 Dozer PL 4  eff:64149  armour:adaptive weapon:shotgun
127346,480,32,30,30,4,4,100,20,10,1,64149,22004,901004,PG 127392 Dozer PL 5  eff:64149  armour:adaptive weapon:shotgun
127347,540,35,30,30,4,4,100,20,10,2,64149,22005,901005,PG 127392 Dozer PL 6  eff:64149  armour:adaptive weapon:shotgun
127348,600,38,30,30,5,4,105,20,10,2,64149,22006,901006,PG 127392 Dozer PL 7  eff:64149  armour:adaptive weapon:shotgun
127349,670,40,30,30,6,4,105,20,10,2,64149,22007,901007,PG 127392 Dozer PL 8  eff:64149  armour:adaptive weapon:shotgun
127350,750,40,30,30,7,4,110,20,10,2,64149,22008,901008,PG 127392 Dozer PL 9  eff:64149  armour:adaptive weapon:shotgun
127351,840,40,30,30,7,4,115,20,10,2,64149,22009,901009,PG 127392 Dozer PL 10  eff:64149  armour:adaptive weapon:shotgun
127353,320,20,30,30,2,4,90,20,10,1,64149,22000,901000,PG 127393 Dojo PL 1  eff:64149  armour:adaptive weapon:shotgun
127354,350,23,30,30,2,4,90,20,10,1,64149,22001,901001,PG 127393 Dojo PL 2  eff:64149  armour:adaptive weapon:shotgun
127355,390,26,30,30,3,4,95,20,10,1,64149,22002,901002,PG 127393 Dojo PL 3  eff:64149  armour:adaptive weapon:shotgun
127356,430,29,30,30,3,4,95,20,10,1,64149,22003,901003,PG 127393 Dojo PL 4  eff:64149  armour:adaptive weapon:shotgun
127357,480,32,30,30,4,4,100,20,10,1,64149,22004,901004,PG 127393 Dojo PL 5  eff:64149  armour:adaptive weapon:shotgun
127358,540,35,30,30,4,4,100,20,10,2,64149,22005,901005,PG 127393 Dojo PL 6  eff:64149  armour:adaptive weapon:shotgun
127359,600,38,30,30,5,4,105,20,10,2,64149,22006,901006,PG 127393 Dojo PL 7  eff:64149  armour:adaptive weapon:shotgun
127360,670,40,30,30,6,4,105,20,10,2,64149,22007,901007,PG 127393 Dojo PL 8  eff:64149  armour:adaptive weapon:shotgun
127361,750,40,30,30,7,4,110,20,10,2,64149,22008,901008,PG 127393 Dojo PL 9  eff:64149  armour:adaptive weapon:shotgun
127362,840,40,30,30,7,4,115,20,10,2,64149,22009,901009,PG 127393 Dojo PL 10  eff:64149  armour:adaptive weapon:shotgun
127364,320,10,30,30,2,4,90,20,10,1,64149,23060,901020,PG 127394 Durham PL 1  eff:64149  armour:heavy weapon:erifle
127365,350,12,30,30,2,4,90,20,10,1,64149,23061,901021,PG 127394 Durham PL 2  eff:64149  armour:heavy weapon:erifle
127366,390,14,30,30,3,4,95,20,10,1,64149,23062,901022,PG 127394 Durham PL 3  eff:64149  armour:heavy weapon:erifle
127367,430,16,30,30,3,4,95,20,10,2,64149,23063,901023,PG 127394 Durham PL 4  eff:64149  armour:heavy weapon:erifle
127368,480,18,30,30,4,4,100,20,10,2,64149,23064,901024,PG 127394 Durham PL 5  eff:64149  armour:heavy weapon:erifle
127369,540,20,30,30,4,4,100,20,10,2,64149,23064,901025,PG 127394 Durham PL 6  eff:64149  armour:heavy weapon:erifle
127370,600,22,30,30,5,4,105,20,10,2,64149,23065,901026,PG 127394 Durham PL 7  eff:64149  armour:heavy weapon:erifle
127371,670,24,30,30,6,4,105,20,10,2,64149,23065,901027,PG 127394 Durham PL 8  eff:64149  armour:heavy weapon:erifle
127372,750,26,30,30,7,4,110,20,10,2,64149,23066,901028,PG 127394 Durham PL 9  eff:64149  armour:heavy weapon:erifle
127373,840,30,30,30,7,4,115,20,10,2,64149,23066,901029,PG 127394 Durham PL 10  eff:64149  armour:heavy weapon:erifle
127400,1546,48,40,30,12,6,90,20,10,3,64148,900130,901030,PG 127000 Baby Jack PL 11  eff:64148  armour:heavy weapon:thrasher
127401,1736,52,40,30,13,6,90,20,10,3,64148,900131,901031,PG 127000 Baby Jack PL 12  eff:64148  armour:heavy weapon:thrasher
127402,1949,55,40,30,13,6,90,20,10,4,64148,900132,901032,PG 127000 Baby Jack PL 13  eff:64148  armour:heavy weapon:thrasher
127403,2184,58,40,30,14,6,90,20,10,4,64148,900133,901033,PG 127000 Baby Jack PL 14  eff:64148  armour:heavy weapon:thrasher
127404,2442,62,40,30,15,6,90,20,10,4,64148,900134,901034,PG 127000 Baby Jack PL 15  eff:64148  armour:heavy weapon:thrasher
127405,2733,65,40,30,16,6,90,20,10,4,64148,900135,901035,PG 127000 Baby Jack PL 16  eff:64148  armour:heavy weapon:thrasher
127406,3058,68,40,30,16,6,90,20,10,5,64148,900136,901036,PG 127000 Baby Jack PL 17  eff:64148  armour:heavy weapon:thrasher
127407,3427,72,40,30,17,6,90,20,10,5,64148,900137,901037,PG 127000 Baby Jack PL 18  eff:64148  armour:heavy weapon:thrasher
127408,3842,75,40,30,18,6,90,20,10,5,64148,900138,901038,PG 127000 Baby Jack PL 19  eff:64148  armour:heavy weapon:thrasher
127409,4301,78,40,30,19,6,90,20,10,5,64148,900139,901039,PG 127000 Baby Jack PL 20  eff:64148  armour:heavy weapon:thrasher
127410,1150,42,30,30,8,4,118,20,10,2,64149,22010,901010,PG 127001 Baby Hunter PL 11  eff:64149  armour:adaptive weapon:shotgun
127411,1262,44,30,30,8,4,121,20,10,2,64149,22011,901011,PG 127001 Baby Hunter PL 12  eff:64149  armour:adaptive weapon:shotgun
127412,1362,47,30,30,9,4,123,20,10,2,64149,22012,901012,PG 127001 Baby Hunter PL 13  eff:64149  armour:adaptive weapon:shotgun
127413,1475,49,30,30,9,4,126,20,10,2,64149,22013,901013,PG 127001 Baby Hunter PL 14  eff:64149  armour:adaptive weapon:shotgun
127414,1588,51,30,30,10,4,129,20,10,3,64149,22014,901014,PG 127001 Baby Hunter PL 15  eff:64149  armour:adaptive weapon:shotgun
127415,1712,53,30,30,10,4,132,20,10,3,64149,22015,901015,PG 127001 Baby Hunter PL 16  eff:64149  armour:adaptive weapon:shotgun
127416,1850,56,30,30,11,4,134,20,10,3,64149,22016,901016,PG 127001 Baby Hunter PL 17  eff:64149  armour:adaptive weapon:shotgun
127417,2000,58,30,30,11,4,137,20,10,3,64149,22017,901017,PG 127001 Baby Hunter PL 18  eff:64149  armour:adaptive weapon:shotgun
127418,2162,60,30,30,12,4,140,20,10,3,64149,22018,901018,PG 127001 Baby Hunter PL 19  eff:64149  armour:adaptive weapon:shotgun
127419,2338,62,30,30,13,4,143,20,10,3,64149,22019,901019,PG 127001 Baby Hunter PL 20  eff:64149  armour:adaptive weapon:shotgun
127420,920,30,30,30,6,4,190,20,10,2,64149,900000,22106,PG 127002 Baby Sniper PL 11  eff:64149  armour:sniper weapon:sniper6
127421,1010,31,30,30,6,4,200,20,10,2,64149,900001,22107,PG 127002 Baby Sniper PL 12  eff:64149  armour:sniper weapon:sniper6
127422,1090,32,30,30,7,4,210,20,10,2,64149,900002,22108,PG 127002 Baby Sniper PL 13  eff:64149  armour:sniper weapon:sniper6
127423,1180,33,30,30,7,4,220,20,10,2,64149,900003,22109,PG 127002 Baby Sniper PL 14  eff:64149  armour:sniper weapon:sniper6
127424,1270,34,30,30,8,4,230,20,10,3,64149,900004,22110,PG 127002 Baby Sniper PL 15  eff:64149  armour:sniper weapon:sniper6
127425,1370,35,30,30,8,4,240,20,10,3,64149,900005,22111,PG 127002 Baby Sniper PL 16  eff:64149  armour:sniper weapon:sniper6
127426,1480,36,30,30,9,4,250,20,10,3,64149,900006,22112,PG 127002 Baby Sniper PL 17  eff:64149  armour:sniper weapon:sniper6
127427,1600,37,30,30,9,4,260,20,10,3,64149,900007,22113,PG 127002 Baby Sniper PL 18  eff:64149  armour:sniper weapon:sniper6
127428,1730,38,30,30,10,4,270,20,10,3,64149,900008,22114,PG 127002 Baby Sniper PL 19  eff:64149  armour:sniper weapon:sniper6
127429,1870,39,30,30,11,4,280,20,10,3,64149,900009,22115,PG 127002 Baby Sniper PL 20  eff:64149  armour:sniper weapon:sniper6
127430,1150,48,30,30,6,4,90,20,10,3,64149,900010,901010,PG 127003 Baby Stalker PL 11  eff:64149  armour:adaptive weapon:blade5
127431,1262,52,30,30,6,4,90,20,10,3,64149,900011,901011,PG 127003 Baby Stalker PL 12  eff:64149  armour:adaptive weapon:blade5
127432,1362,55,30,30,7,4,90,20,10,4,64149,900012,901012,PG 127003 Baby Stalker PL 13  eff:64149  armour:adaptive weapon:blade5
127433,1475,58,30,30,7,4,90,20,10,4,64149,900013,901013,PG 127003 Baby Stalker PL 14  eff:64149  armour:adaptive weapon:blade5
127434,1588,62,30,30,8,4,90,20,10,4,64149,900014,901014,PG 127003 Baby Stalker PL 15  eff:64149  armour:adaptive weapon:blade5
127435,1712,65,30,30,8,4,90,20,10,4,64149,900015,901015,PG 127003 Baby Stalker PL 16  eff:64149  armour:adaptive weapon:blade5
127436,1850,68,30,30,9,4,90,20,10,5,64149,900016,901016,PG 127003 Baby Stalker PL 17  eff:64149  armour:adaptive weapon:blade5
127437,2000,72,30,30,9,4,90,20,10,5,64149,900017,901017,PG 127003 Baby Stalker PL 18  eff:64149  armour:adaptive weapon:blade5
127438,2162,75,30,30,10,4,90,20,10,5,64149,900018,901018,PG 127003 Baby Stalker PL 19  eff:64149  armour:adaptive weapon:blade5
127439,2338,78,30,30,11,4,90,20,10,5,64149,900019,901019,PG 127003 Baby Stalker PL 20  eff:64149  armour:adaptive weapon:blade5
127440,920,30,30,30,8,0,190,20,10,2,,900000,22106,PG 128000 Sniper Survivor PL 11  eff:0  armour:sniper weapon:sniper6
127441,1010,31,30,30,8,0,200,20,10,2,,900001,22107,PG 128000 Sniper Survivor PL 12  eff:0  armour:sniper weapon:sniper6
127442,1090,32,30,30,9,0,210,20,10,2,,900002,22108,PG 128000 Sniper Survivor PL 13  eff:0  armour:sniper weapon:sniper6
127443,1180,33,30,30,9,0,220,20,10,2,,900003,22109,PG 128000 Sniper Survivor PL 14  eff:0  armour:sniper weapon:sniper6
127444,1270,34,30,30,10,0,230,20,10,3,,900004,22110,PG 128000 Sniper Survivor PL 15  eff:0  armour:sniper weapon:sniper6
127445,1370,35,30,30,10,0,240,20,10,3,,900005,22111,PG 128000 Sniper Survivor PL 16  eff:0  armour:sniper weapon:sniper6
127446,1480,36,30,30,11,0,250,20,10,3,,900006,22112,PG 128000 Sniper Survivor PL 17  eff:0  armour:sniper weapon:sniper6
127447,1600,37,30,30,11,0,260,20,10,3,,900007,22113,PG 128000 Sniper Survivor PL 18  eff:0  armour:sniper weapon:sniper6
127448,1730,38,30,30,12,0,270,20,10,3,,900008,22114,PG 128000 Sniper Survivor PL 19  eff:0  armour:sniper weapon:sniper6
127449,1870,39,30,30,13,0,280,20,10,3,,900009,22115,PG 128000 Sniper Survivor PL 20  eff:0  armour:sniper weapon:sniper6
127450,1150,30,30,30,8,3,187,20,10,3,,21011,901030,PG 128100 VIP PL 11  eff:0  armour:heavy weapon:revolver
127451,1262,31,30,30,8,3,193,20,10,3,,21012,901031,PG 128100 VIP PL 12  eff:0  armour:heavy weapon:revolver
127452,1362,32,30,30,9,3,200,20,10,4,,21013,901032,PG 128100 VIP PL 13  eff:0  armour:heavy weapon:revolver
127453,1475,33,30,30,9,3,207,20,10,4,,21014,901033,PG 128100 VIP PL 14  eff:0  armour:heavy weapon:revolver
127454,1588,34,30,30,10,3,213,20,10,4,,21015,901034,PG 128100 VIP PL 15  eff:0  armour:heavy weapon:revolver
127455,1712,35,30,30,10,3,220,20,10,4,,21016,901035,PG 128100 VIP PL 16  eff:0  armour:heavy weapon:revolver
127456,1850,36,30,30,11,3,227,20,10,5,,21017,901036,PG 128100 VIP PL 17  eff:0  armour:heavy weapon:revolver
127457,2000,37,30,30,11,3,233,20,10,5,,21018,901037,PG 128100 VIP PL 18  eff:0  armour:heavy weapon:revolver
127458,2162,38,30,30,12,3,240,20,10,5,,21019,901038,PG 128100 VIP PL 19  eff:0  armour:heavy weapon:revolver
127459,2338,39,30,30,13,3,247,20,10,5,,21020,901039,PG 128100 VIP PL 20  eff:0  armour:heavy weapon:revolver
127460,540,32,40,30,8,0,118,20,10,3,,900030,22106,PG 127200 Head Researcher PL 11  eff:0  armour:sniper weapon:corp-smg
127461,580,34,40,30,8,0,121,20,10,3,,900031,22107,PG 127200 Head Researcher PL 12  eff:0  armour:sniper weapon:corp-smg
127462,630,37,40,30,9,0,123,20,10,4,,900032,22108,PG 127200 Head Researcher PL 13  eff:0  armour:sniper weapon:corp-smg
127463,680,39,40,30,9,0,126,20,10,4,,900033,22109,PG 127200 Head Researcher PL 14  eff:0  armour:sniper weapon:corp-smg
127464,730,41,40,40,10,0,129,20,10,4,,900034,22110,PG 127200 Head Researcher PL 15  eff:0  armour:sniper weapon:corp-smg
127465,790,43,40,40,10,0,132,20,10,4,,900035,22111,PG 127200 Head Researcher PL 16  eff:0  armour:sniper weapon:corp-smg
127466,850,46,40,40,11,0,134,20,10,5,,900036,22112,PG 127200 Head Researcher PL 17  eff:0  armour:sniper weapon:corp-smg
127467,920,48,40,40,11,0,137,20,10,5,,900037,22113,PG 127200 Head Researcher PL 18  eff:0  armour:sniper weapon:corp-smg
127468,990,50,40,40,12,0,140,20,10,5,,900038,22114,PG 127200 Head Researcher PL 19  eff:0  armour:sniper weapon:corp-smg
127469,1070,52,40,40,13,0,143,20,10,5,,900039,22115,PG 127200 Head Researcher PL 20  eff:0  armour:sniper weapon:corp-smg
127470,1856,32,40,30,12,4,90,20,10,2,64121,900050,22410,PG 127300 Le Sidewinder PL 11  eff:64121  armour:superheavy weapon:erifle
127471,2117,34,40,30,13,4,90,20,10,2,64121,900051,22411,PG 127300 Le Sidewinder PL 12  eff:64121  armour:superheavy weapon:erifle
127472,2413,37,40,30,13,4,90,20,10,2,64121,900052,22412,PG 127300 Le Sidewinder PL 13  eff:64121  armour:superheavy weapon:erifle
127473,2746,39,40,30,14,4,90,20,10,2,64121,900053,22413,PG 127300 Le Sidewinder PL 14  eff:64121  armour:superheavy weapon:erifle
127474,3115,41,40,30,15,4,90,20,10,3,64121,900054,22414,PG 127300 Le Sidewinder PL 15  eff:64121  armour:superheavy weapon:erifle
127475,3538,43,40,30,16,4,90,20,10,3,64121,900055,22415,PG 127300 Le Sidewinder PL 16  eff:64121  armour:superheavy weapon:erifle
127476,4016,46,40,30,16,4,90,20,10,3,64121,900056,22416,PG 127300 Le Sidewinder PL 17  eff:64121  armour:superheavy weapon:erifle
127477,4566,48,40,30,17,4,90,20,10,3,64121,900057,22417,PG 127300 Le Sidewinder PL 18  eff:64121  armour:superheavy weapon:erifle
127478,5190,50,40,30,18,4,90,20,10,3,64121,900058,22418,PG 127300 Le Sidewinder PL 19  eff:64121  armour:superheavy weapon:erifle
127479,5891,52,40,30,19,4,90,20,10,3,64121,900059,22419,PG 127300 Le Sidewinder PL 20  eff:64121  armour:superheavy weapon:erifle
127480,1656,48,40,30,12,6,90,20,10,3,64148,900130,901030,PG 127330 War Elephant PL 11  eff:64148  armour:heavy weapon:thrasher
127481,1860,52,40,30,13,6,90,20,10,3,64148,900131,901031,PG 127330 War Elephant PL 12  eff:64148  armour:heavy weapon:thrasher
127482,2088,55,40,30,13,6,90,20,10,4,64148,900132,901032,PG 127330 War Elephant PL 13  eff:64148  armour:heavy weapon:thrasher
127483,2340,58,40,30,14,6,90,20,10,4,64148,900133,901033,PG 127330 War Elephant PL 14  eff:64148  armour:heavy weapon:thrasher
127484,2616,62,40,30,15,6,90,20,10,4,64148,900134,901034,PG 127330 War Elephant PL 15  eff:64148  armour:heavy weapon:thrasher
127485,2928,65,40,30,16,6,90,20,10,4,64148,900135,901035,PG 127330 War Elephant PL 16  eff:64148  armour:heavy weapon:thrasher
127486,3276,68,40,30,16,6,90,20,10,5,64148,900136,901036,PG 127330 War Elephant PL 17  eff:64148  armour:heavy weapon:thrasher
127487,3672,72,40,30,17,6,90,20,10,5,64148,900137,901037,PG 127330 War Elephant PL 18  eff:64148  armour:heavy weapon:thrasher
127488,4116,75,40,30,18,6,90,20,10,5,64148,900138,901038,PG 127330 War Elephant PL 19  eff:64148  armour:heavy weapon:thrasher
127489,4608,78,40,30,19,6,90,20,10,5,64148,900139,901039,PG 127330 War Elephant PL 20  eff:64148  armour:heavy weapon:thrasher
127490,1030,30,30,30,8,4,190,20,10,2,64149,900000,901010,PG 127340 Downrange PL 11  eff:64149  armour:adaptive weapon:sniper6
127491,1131,31,30,30,8,4,200,20,10,2,64149,900001,901011,PG 127340 Downrange PL 12  eff:64149  armour:adaptive weapon:sniper6
127492,1221,32,30,30,9,4,210,20,10,2,64149,900002,901012,PG 127340 Downrange PL 13  eff:64149  armour:adaptive weapon:sniper6
127493,1322,33,30,30,9,4,220,20,10,2,64149,900003,901013,PG 127340 Downrange PL 14  eff:64149  armour:adaptive weapon:sniper6
127494,1422,34,30,30,10,4,230,20,10,3,64149,900004,901014,PG 127340 Downrange PL 15  eff:64149  armour:adaptive weapon:sniper6
127495,1534,35,30,30,10,4,240,20,10,3,64149,900005,901015,PG 127340 Downrange PL 16  eff:64149  armour:adaptive weapon:sniper6
127496,1658,36,30,30,11,4,250,20,10,3,64149,900006,901016,PG 127340 Downrange PL 17  eff:64149  armour:adaptive weapon:sniper6
127497,1792,37,30,30,11,4,260,20,10,3,64149,900007,901017,PG 127340 Downrange PL 18  eff:64149  armour:adaptive weapon:sniper6
127498,1938,38,30,30,12,4,270,20,10,3,64149,900008,901018,PG 127340 Downrange PL 19  eff:64149  armour:adaptive weapon:sniper6
127499,2094,39,30,30,13,4,280,20,10,3,64149,900009,901019,PG 127340 Downrange PL 20  eff:64149  armour:adaptive weapon:sniper6
127500,1030,30,30,30,6,4,190,20,10,2,64149,900000,901010,PG 127350 Shooter PL 11  eff:64149  armour:adaptive weapon:sniper6
127501,1131,31,30,30,6,4,200,20,10,2,64149,900001,901011,PG 127350 Shooter PL 12  eff:64149  armour:adaptive weapon:sniper6
127502,1221,32,30,30,7,4,210,20,10,2,64149,900002,901012,PG 127350 Shooter PL 13  eff:64149  armour:adaptive weapon:sniper6
127503,1322,33,30,30,7,4,220,20,10,2,64149,900003,901013,PG 127350 Shooter PL 14  eff:64149  armour:adaptive weapon:sniper6
127504,1422,34,30,30,8,4,230,20,10,3,64149,900004,901014,PG 127350 Shooter PL 15  eff:64149  armour:adaptive weapon:sniper6
127505,1534,35,30,30,8,4,240,20,10,3,64149,900005,901015,PG 127350 Shooter PL 16  eff:64149  armour:adaptive weapon:sniper6
127506,1658,36,30,30,9,4,250,20,10,3,64149,900006,901016,PG 127350 Shooter PL 17  eff:64149  armour:adaptive weapon:sniper6
127507,1792,37,30,30,9,4,260,20,10,3,64149,900007,901017,PG 127350 Shooter PL 18  eff:64149  armour:adaptive weapon:sniper6
127508,1938,38,30,30,10,4,270,20,10,3,64149,900008,901018,PG 127350 Shooter PL 19  eff:64149  armour:adaptive weapon:sniper6
127509,2094,39,30,30,11,4,280,20,10,3,64149,900009,901019,PG 127350 Shooter PL 20  eff:64149  armour:adaptive weapon:sniper6
127510,1086,48,30,30,6,4,90,20,10,3,64149,900130,901010,PG 127360 Diablo White PL 11  eff:64149  armour:adaptive weapon:thrasher
127511,1192,52,30,30,6,4,90,20,10,3,64149,900131,901011,PG 127360 Diablo White PL 12  eff:64149  armour:adaptive weapon:thrasher
127512,1286,55,30,30,7,4,90,20,10,4,64149,900132,901012,PG 127360 Diablo White PL 13  eff:64149  armour:adaptive weapon:thrasher
127513,1392,58,30,30,7,4,90,20,10,4,64149,900133,901013,PG 127360 Diablo White PL 14  eff:64149  armour:adaptive weapon:thrasher
127514,1499,62,30,30,8,4,90,20,10,4,64149,900134,901014,PG 127360 Diablo White PL 15  eff:64149  armour:adaptive weapon:thrasher
127515,1617,65,30,30,8,4,90,20,10,4,64149,900135,901015,PG 127360 Diablo White PL 16  eff:64149  armour:adaptive weapon:thrasher
127516,1746,68,30,30,9,4,90,20,10,5,64149,900136,901016,PG 127360 Diablo White PL 17  eff:64149  armour:adaptive weapon:thrasher
127517,1888,72,30,30,9,4,90,20,10,5,64149,900137,901017,PG 127360 Diablo White PL 18  eff:64149  armour:adaptive weapon:thrasher
127518,2041,75,30,30,10,4,90,20,10,5,64149,900138,901018,PG 127360 Diablo White PL 19  eff:64149  armour:adaptive weapon:thrasher
127519,2207,78,30,30,11,4,90,20,10,5,64149,900139,901019,PG 127360 Diablo White PL 20  eff:64149  armour:adaptive weapon:thrasher
127520,1822,30,40,30,12,4,187,20,10,3,64121,21011,22410,PG 127380 Six-Gun Val PL 11  eff:64121  armour:superheavy weapon:revolver
127521,2046,31,40,30,13,4,193,20,10,3,64121,21012,22411,PG 127380 Six-Gun Val PL 12  eff:64121  armour:superheavy weapon:revolver
127522,2297,32,40,30,13,4,200,20,10,4,64121,21013,22412,PG 127380 Six-Gun Val PL 13  eff:64121  armour:superheavy weapon:revolver
127523,2574,33,40,30,14,4,207,20,10,4,64121,21014,22413,PG 127380 Six-Gun Val PL 14  eff:64121  armour:superheavy weapon:revolver
127524,2878,34,40,30,15,4,213,20,10,4,64121,21015,22414,PG 127380 Six-Gun Val PL 15  eff:64121  armour:superheavy weapon:revolver
127525,3221,35,40,30,16,4,220,20,10,4,64121,21016,22415,PG 127380 Six-Gun Val PL 16  eff:64121  armour:superheavy weapon:revolver
127526,3604,36,40,30,16,4,227,20,10,5,64121,21017,22416,PG 127380 Six-Gun Val PL 17  eff:64121  armour:superheavy weapon:revolver
127527,4039,37,40,30,17,4,233,20,10,5,64121,21018,22417,PG 127380 Six-Gun Val PL 18  eff:64121  armour:superheavy weapon:revolver
127528,4528,38,40,30,18,4,240,20,10,5,64121,21019,22418,PG 127380 Six-Gun Val PL 19  eff:64121  armour:superheavy weapon:revolver
127529,5069,39,40,30,19,4,247,20,10,5,64121,21020,22419,PG 127380 Six-Gun Val PL 20  eff:64121  armour:superheavy weapon:revolver
127530,1030,32,30,30,8,4,118,20,10,2,64149,900050,901010,PG 127383 Cowboy Sam PL 11  eff:64149  armour:adaptive weapon:erifle
127531,1131,34,30,30,8,4,121,20,10,2,64149,900051,901011,PG 127383 Cowboy Sam PL 12  eff:64149  armour:adaptive weapon:erifle
127532,1221,37,30,30,9,4,123,20,10,2,64149,900052,901012,PG 127383 Cowboy Sam PL 13  eff:64149  armour:adaptive weapon:erifle
127533,1322,39,30,30,9,4,126,20,10,2,64149,900053,901013,PG 127383 Cowboy Sam PL 14  eff:64149  armour:adaptive weapon:erifle
127534,1422,41,30,30,10,4,129,20,10,3,64149,900054,901014,PG 127383 Cowboy Sam PL 15  eff:64149  armour:adaptive weapon:erifle
127535,1534,43,30,30,10,4,132,20,10,3,64149,900055,901015,PG 127383 Cowboy Sam PL 16  eff:64149  armour:adaptive weapon:erifle
127536,1658,46,30,30,11,4,134,20,10,3,64149,900056,901016,PG 127383 Cowboy Sam PL 17  eff:64149  armour:adaptive weapon:erifle
127537,1792,48,30,30,11,4,137,20,10,3,64149,900057,901017,PG 127383 Cowboy Sam PL 18  eff:64149  armour:adaptive weapon:erifle
127538,1938,50,30,30,12,4,140,20,10,3,64149,900058,901018,PG 127383 Cowboy Sam PL 19  eff:64149  armour:adaptive weapon:erifle
127539,2094,52,30,30,13,4,143,20,10,3,64149,900059,901019,PG 127383 Cowboy Sam PL 20  eff:64149  armour:adaptive weapon:erifle
127540,1030,32,30,30,6,4,118,20,10,2,64149,900050,901010,PG 127384 Space Hat PL 11  eff:64149  armour:adaptive weapon:erifle
127541,1131,34,30,30,6,4,121,20,10,2,64149,900051,901011,PG 127384 Space Hat PL 12  eff:64149  armour:adaptive weapon:erifle
127542,1221,37,30,30,7,4,123,20,10,2,64149,900052,901012,PG 127384 Space Hat PL 13  eff:64149  armour:adaptive weapon:erifle
127543,1322,39,30,30,7,4,126,20,10,2,64149,900053,901013,PG 127384 Space Hat PL 14  eff:64149  armour:adaptive weapon:erifle
127544,1422,41,30,30,8,4,129,20,10,3,64149,900054,901014,PG 127384 Space Hat PL 15  eff:64149  armour:adaptive weapon:erifle
127545,1534,43,30,30,8,4,132,20,10,3,64149,900055,901015,PG 127384 Space Hat PL 16  eff:64149  armour:adaptive weapon:erifle
127546,1658,46,30,30,9,4,134,20,10,3,64149,900056,901016,PG 127384 Space Hat PL 17  eff:64149  armour:adaptive weapon:erifle
127547,1792,48,30,30,9,4,137,20,10,3,64149,900057,901017,PG 127384 Space Hat PL 18  eff:64149  armour:adaptive weapon:erifle
127548,1938,50,30,30,10,4,140,20,10,3,64149,900058,901018,PG 127384 Space Hat PL 19  eff:64149  armour:adaptive weapon:erifle
127549,2094,52,30,30,11,4,143,20,10,3,64149,900059,901019,PG 127384 Space Hat PL 20  eff:64149  armour:adaptive weapon:erifle
127550,1086,30,30,30,6,4,187,20,10,3,64149,21011,901010,PG 127382 Mojo PL 11  eff:64149  armour:adaptive weapon:revolver
127551,1192,31,30,30,6,4,193,20,10,3,64149,21012,901011,PG 127382 Mojo PL 12  eff:64149  armour:adaptive weapon:revolver
127552,1286,32,30,30,7,4,200,20,10,4,64149,21013,901012,PG 127382 Mojo PL 13  eff:64149  armour:adaptive weapon:revolver
127553,1392,33,30,30,7,4,207,20,10,4,64149,21014,901013,PG 127382 Mojo PL 14  eff:64149  armour:adaptive weapon:revolver
127554,1499,34,30,30,8,4,213,20,10,4,64149,21015,901014,PG 127382 Mojo PL 15  eff:64149  armour:adaptive weapon:revolver
127555,1617,35,30,30,8,4,220,20,10,4,64149,21016,901015,PG 127382 Mojo PL 16  eff:64149  armour:adaptive weapon:revolver
127556,1746,36,30,30,9,4,227,20,10,5,64149,21017,901016,PG 127382 Mojo PL 17  eff:64149  armour:adaptive weapon:revolver
127557,1888,37,30,30,9,4,233,20,10,5,64149,21018,901017,PG 127382 Mojo PL 18  eff:64149  armour:adaptive weapon:revolver
127558,2041,38,30,30,10,4,240,20,10,5,64149,21019,901018,PG 127382 Mojo PL 19  eff:64149  armour:adaptive weapon:revolver
127559,2207,39,30,30,11,4,247,20,10,5,64149,21020,901019,PG 127382 Mojo PL 20  eff:64149  armour:adaptive weapon:revolver
127560,1822,42,40,30,12,4,118,20,10,2,64126,22010,901030,PG 127390 Lady Niner PL 11  eff:64126  armour:heavy weapon:shotgun
127561,2046,44,40,30,13,4,121,20,10,2,64126,22011,901031,PG 127390 Lady Niner PL 12  eff:64126  armour:heavy weapon:shotgun
127562,2297,47,40,30,13,4,123,20,10,2,64126,22012,901032,PG 127390 Lady Niner PL 13  eff:64126  armour:heavy weapon:shotgun
127563,2574,49,40,30,14,4,126,20,10,2,64126,22013,901033,PG 127390 Lady Niner PL 14  eff:64126  armour:heavy weapon:shotgun
127564,2878,51,40,30,15,4,129,20,10,3,64126,22014,901034,PG 127390 Lady Niner PL 15  eff:64126  armour:heavy weapon:shotgun
127565,3221,53,40,30,16,4,132,20,10,3,64126,22015,901035,PG 127390 Lady Niner PL 16  eff:64126  armour:heavy weapon:shotgun
127566,3604,56,40,30,16,4,134,20,10,3,64126,22016,901036,PG 127390 Lady Niner PL 17  eff:64126  armour:heavy weapon:shotgun
127567,4039,58,40,30,17,4,137,20,10,3,64126,22017,901037,PG 127390 Lady Niner PL 18  eff:64126  armour:heavy weapon:shotgun
127568,4528,60,40,30,18,4,140,20,10,3,64126,22018,901038,PG 127390 Lady Niner PL 19  eff:64126  armour:heavy weapon:shotgun
127569,5069,62,40,30,19,4,143,20,10,3,64126,22019,901039,PG 127390 Lady Niner PL 20  eff:64126  armour:heavy weapon:shotgun
127570,920,42,30,30,8,4,118,20,10,2,64149,22010,901010,PG 127392 Dozer PL 11  eff:64149  armour:adaptive weapon:shotgun
127571,1010,44,30,30,8,4,121,20,10,2,64149,22011,901011,PG 127392 Dozer PL 12  eff:64149  armour:adaptive weapon:shotgun
127572,1090,47,30,30,9,4,123,20,10,2,64149,22012,901012,PG 127392 Dozer PL 13  eff:64149  armour:adaptive weapon:shotgun
127573,1180,49,30,30,9,4,126,20,10,2,64149,22013,901013,PG 127392 Dozer PL 14  eff:64149  armour:adaptive weapon:shotgun
127574,1270,51,30,30,10,4,129,20,10,3,64149,22014,901014,PG 127392 Dozer PL 15  eff:64149  armour:adaptive weapon:shotgun
127575,1370,53,30,30,10,4,132,20,10,3,64149,22015,901015,PG 127392 Dozer PL 16  eff:64149  armour:adaptive weapon:shotgun
127576,1480,56,30,30,11,4,134,20,10,3,64149,22016,901016,PG 127392 Dozer PL 17  eff:64149  armour:adaptive weapon:shotgun
127577,1600,58,30,30,11,4,137,20,10,3,64149,22017,901017,PG 127392 Dozer PL 18  eff:64149  armour:adaptive weapon:shotgun
127578,1730,60,30,30,12,4,140,20,10,3,64149,22018,901018,PG 127392 Dozer PL 19  eff:64149  armour:adaptive weapon:shotgun
127579,1870,62,30,30,13,4,143,20,10,3,64149,22019,901019,PG 127392 Dozer PL 20  eff:64149  armour:adaptive weapon:shotgun
127580,920,42,30,30,8,4,118,20,10,2,64149,22010,901010,PG 127393 Dojo PL 11  eff:64149  armour:adaptive weapon:shotgun
127581,1010,44,30,30,8,4,121,20,10,2,64149,22011,901011,PG 127393 Dojo PL 12  eff:64149  armour:adaptive weapon:shotgun
127582,1090,47,30,30,9,4,123,20,10,2,64149,22012,901012,PG 127393 Dojo PL 13  eff:64149  armour:adaptive weapon:shotgun
127583,1180,49,30,30,9,4,126,20,10,2,64149,22013,901013,PG 127393 Dojo PL 14  eff:64149  armour:adaptive weapon:shotgun
127584,1270,51,30,30,10,4,129,20,10,3,64149,22014,901014,PG 127393 Dojo PL 15  eff:64149  armour:adaptive weapon:shotgun
127585,1370,53,30,30,10,4,132,20,10,3,64149,22015,901015,PG 127393 Dojo PL 16  eff:64149  armour:adaptive weapon:shotgun
127586,1480,56,30,30,11,4,134,20,10,3,64149,22016,901016,PG 127393 Dojo PL 17  eff:64149  armour:adaptive weapon:shotgun
127587,1600,58,30,30,11,4,137,20,10,3,64149,22017,901017,PG 127393 Dojo PL 18  eff:64149  armour:adaptive weapon:shotgun
127588,1730,60,30,30,12,4,140,20,10,3,64149,22018,901018,PG 127393 Dojo PL 19  eff:64149  armour:adaptive weapon:shotgun
127589,1870,62,30,30,13,4,143,20,10,3,64149,22019,901019,PG 127393 Dojo PL 20  eff:64149  armour:adaptive weapon:shotgun
127590,920,32,30,30,8,4,118,20,10,2,64149,900050,901030,PG 127394 Durham PL 11  eff:64149  armour:heavy weapon:erifle
127591,1010,34,30,30,8,4,121,20,10,2,64149,900051,901031,PG 127394 Durham PL 12  eff:64149  armour:heavy weapon:erifle
127592,1090,37,30,30,9,4,123,20,10,2,64149,900052,901032,PG 127394 Durham PL 13  eff:64149  armour:heavy weapon:erifle
127593,1180,39,30,30,9,4,126,20,10,2,64149,900053,901033,PG 127394 Durham PL 14  eff:64149  armour:heavy weapon:erifle
127594,1270,41,30,30,10,4,129,20,10,3,64149,900054,901034,PG 127394 Durham PL 15  eff:64149  armour:heavy weapon:erifle
127595,1370,43,30,30,10,4,132,20,10,3,64149,900055,901035,PG 127394 Durham PL 16  eff:64149  armour:heavy weapon:erifle
127596,1480,46,30,30,11,4,134,20,10,3,64149,900056,901036,PG 127394 Durham PL 17  eff:64149  armour:heavy weapon:erifle
127597,1600,48,30,30,11,4,137,20,10,3,64149,900057,901037,PG 127394 Durham PL 18  eff:64149  armour:heavy weapon:erifle
127598,1730,50,30,30,12,4,140,20,10,3,64149,900058,901038,PG 127394 Durham PL 19  eff:64149  armour:heavy weapon:erifle
127599,1870,52,30,30,13,4,143,20,10,3,64149,900059,901039,PG 127394 Durham PL 20  eff:64149  armour:heavy weapon:erifle
127600,1835,30,40,30,12,4,187,20,10,3,64121,21011,22410,PG 127310 Brauk Executioner PL 11  eff:64121  armour:superheavy weapon:revolver
127601,2062,31,40,30,13,4,193,20,10,3,64121,21012,22411,PG 127310 Brauk Executioner PL 12  eff:64121  armour:superheavy weapon:revolver
127602,2314,32,40,30,13,4,200,20,10,4,64121,21013,22412,PG 127310 Brauk Executioner PL 13  eff:64121  armour:superheavy weapon:revolver
127603,2594,33,40,30,14,4,207,20,10,4,64121,21014,22413,PG 127310 Brauk Executioner PL 14  eff:64121  armour:superheavy weapon:revolver
127604,2899,34,40,30,15,4,213,20,10,4,64121,21015,22414,PG 127310 Brauk Executioner PL 15  eff:64121  armour:superheavy weapon:revolver
127605,3245,35,40,30,16,4,220,20,10,4,64121,21016,22415,PG 127310 Brauk Executioner PL 16  eff:64121  armour:superheavy weapon:revolver
127606,3631,36,40,30,16,4,227,20,10,5,64121,21017,22416,PG 127310 Brauk Executioner PL 17  eff:64121  armour:superheavy weapon:revolver
127607,4070,37,40,30,17,4,233,20,10,5,64121,21018,22417,PG 127310 Brauk Executioner PL 18  eff:64121  armour:superheavy weapon:revolver
127608,4562,38,40,30,18,4,240,20,10,5,64121,21019,22418,PG 127310 Brauk Executioner PL 19  eff:64121  armour:superheavy weapon:revolver
127609,5107,39,40,30,19,4,247,20,10,5,64121,21020,22419,PG 127310 Brauk Executioner PL 20  eff:64121  armour:superheavy weapon:revolver
127610,1725,48,40,30,12,4,90,20,10,3,64121,900150,22410,PG 127320 MIRA PL 11  eff:64121  armour:superheavy weapon:heavy-blade
127611,1938,52,40,30,13,4,90,20,10,3,64121,900151,22411,PG 127320 MIRA PL 12  eff:64121  armour:superheavy weapon:heavy-blade
127612,2175,55,40,30,13,4,90,20,10,4,64121,900152,22412,PG 127320 MIRA PL 13  eff:64121  armour:superheavy weapon:heavy-blade
127613,2438,58,40,30,14,4,90,20,10,4,64121,900153,22413,PG 127320 MIRA PL 14  eff:64121  armour:superheavy weapon:heavy-blade
127614,2725,62,40,30,15,4,90,20,10,4,64121,900154,22414,PG 127320 MIRA PL 15  eff:64121  armour:superheavy weapon:heavy-blade
127615,3050,65,40,30,16,4,90,20,10,4,64121,900155,22415,PG 127320 MIRA PL 16  eff:64121  armour:superheavy weapon:heavy-blade
127616,3412,68,40,30,16,4,90,20,10,5,64121,900156,22416,PG 127320 MIRA PL 17  eff:64121  armour:superheavy weapon:heavy-blade
127617,3825,72,40,30,17,4,90,20,10,5,64121,900157,22417,PG 127320 MIRA PL 18  eff:64121  armour:superheavy weapon:heavy-blade
127618,4288,75,40,30,18,4,90,20,10,5,64121,900158,22418,PG 127320 MIRA PL 19  eff:64121  armour:superheavy weapon:heavy-blade
127619,4800,78,40,30,19,4,90,20,10,5,64121,900159,22419,PG 127320 MIRA PL 20  eff:64121  armour:superheavy weapon:heavy-blade
